#
# A fatal error has been detected by the Java Runtime Environment:
#
#  EXCEPTION_STACK_OVERFLOW (0xc00000fd) at pc=0x00007ff989dce013, pid=30632, tid=70240
#
# JRE version: Java(TM) SE Runtime Environment (21.0.8+12) (build 21.0.8+12-LTS-250)
# Java VM: Java HotSpot(TM) 64-Bit Server VM (21.0.8+12-LTS-250, mixed mode, sharing, tiered, compressed oops, compressed class ptrs, g1 gc, windows-amd64)
# Problematic frame:
# V  [jvm.dll+0x3de013]
#
# No core dump will be written. Minidumps are not enabled by default on client versions of Windows
#
# If you would like to submit a bug report, please visit:
#   https://bugreport.java.com/bugreport/crash.jsp
#

---------------  S U M M A R Y ------------

Command Line: --add-exports=javafx.graphics/com.sun.glass.ui=ALL-UNNAMED --add-opens=javafx.graphics/com.sun.glass.ui=ALL-UNNAMED --module-path=C:\Users\admin\ChatRoom_LTM\W_demo\frontend\target\classes;C:\Users\admin\.m2\repository\com\fasterxml\jackson\core\jackson-annotations\2.19.2\jackson-annotations-2.19.2.jar;C:\Users\admin\.m2\repository\com\fasterxml\jackson\core\jackson-core\2.19.2\jackson-core-2.19.2.jar;C:\Users\admin\.m2\repository\com\fasterxml\jackson\core\jackson-databind\2.15.2\jackson-databind-2.15.2.jar;C:\Users\admin\.m2\repository\org\java-websocket\Java-WebSocket\1.5.3\Java-WebSocket-1.5.3.jar;C:\Users\admin\.m2\repository\org\openjfx\javafx-base\17.0.6\javafx-base-17.0.6-win.jar;C:\Users\admin\.m2\repository\org\openjfx\javafx-controls\17.0.6\javafx-controls-17.0.6-win.jar;C:\Users\admin\.m2\repository\org\openjfx\javafx-fxml\17.0.6\javafx-fxml-17.0.6-win.jar;C:\Users\admin\.m2\repository\org\openjfx\javafx-graphics\17.0.6\javafx-graphics-17.0.6-win.jar;C:\Users\admin\.m2\repository\org\openjfx\javafx-media\17.0.6\javafx-media-17.0.6-win.jar;C:\Users\admin\.m2\repository\org\slf4j\slf4j-api\2.0.9\slf4j-api-2.0.9.jar --add-modules=chat.client.fx -Djdk.module.main=chat.client.fx chat.client.fx/chat.client.fx.ChatClientFX

Host: Intel(R) Core(TM) i3-1005G1 CPU @ 1.20GHz, 4 cores, 7G,  Windows 11 , 64 bit Build 26100 (10.0.26100.7019)
Time: Tue Dec 16 16:59:32 2025 SE Asia Standard Time elapsed time: 24273.628638 seconds (0d 6h 44m 33s)

---------------  T H R E A D  ---------------

Current thread (0x0000026182870fc0):  JavaThread "WebSocketConnectReadThread-9193"        [_thread_in_vm, id=70240, stack(0x000000aaf5d00000,0x000000aaf5e00000) (1024K)]

Stack: [0x000000aaf5d00000,0x000000aaf5e00000],  sp=0x000000aaf5dfc800,  free space=1010k
Native frames: (J=compiled Java code, j=interpreted, Vv=VM code, C=native code)
V  [jvm.dll+0x3de013]
V  [jvm.dll+0x6cc092]
V  [jvm.dll+0x3dddde]
V  [jvm.dll+0x45262b]
V  [jvm.dll+0x44dd3d]
C  [java.dll+0xc78f]

Java frames: (J=compiled Java code, j=interpreted, Vv=VM code)
J 6541  java.io.FileOutputStream.writeBytes([BIIZ)V java.base@21.0.8 (0 bytes) @ 0x00000261a5ebf391 [0x00000261a5ebf320+0x0000000000000071]
J 8198 c2 sun.nio.cs.StreamEncoder.flushBuffer()V java.base@21.0.8 (63 bytes) @ 0x00000261a5f61b98 [0x00000261a5f61840+0x0000000000000358]
J 8484 c2 java.io.PrintStream.writeln(Ljava/lang/String;)V java.base@21.0.8 (81 bytes) @ 0x00000261a5fe4d5c [0x00000261a5fe4bc0+0x000000000000019c]
J 8539 c2 java.io.PrintStream.println(Ljava/lang/String;)V java.base@21.0.8 (44 bytes) @ 0x00000261a60088e4 [0x00000261a60088a0+0x0000000000000044]
J 8500 c1 chat.client.fx.service.ChatService$1.onError(Ljava/lang/Exception;)V chat.client.fx@1.0.0 (21 bytes) @ 0x000002619ec74064 [0x000002619ec735a0+0x0000000000000ac4]
J 7438 c1 org.java_websocket.client.WebSocketClient.run()V Java.WebSocket@1.5.3 (389 bytes) @ 0x000002619eff4dac [0x000002619eff2320+0x0000000000002a8c]
J 8654 c2 java.lang.Thread.run()V java.base@21.0.8 (23 bytes) @ 0x00000261a5df05a4 [0x00000261a5df0520+0x0000000000000084]
v  ~StubRoutines::call_stub 0x00000261a56410e7

siginfo: EXCEPTION_STACK_OVERFLOW (0xc00000fd), ExceptionInformation=0x0000000000000001 0x000000aaf5df4800 


Registers:
RAX=0x0000000000000001, RBX=0x0000026182870fc0, RCX=0x0000000000001000, RDX=0x0000000000000000
RSP=0x000000aaf5dfc800, RBP=0x000000aaf5dfc8c9, RSI=0x000000aaf5dfca00, RDI=0x000000aaf5df4800
R8 =0x000000aaf5dfc800, R9 =0x0000026182870fc0, R10=0x000000aaf5dfc9f0, R11=0x000000aaf5dfcb00
R12=0x000000aaf5dfc9f0, R13=0x000000000000000a, R14=0x00000261fce3d9c8, R15=0x000000aaf5dfcb00
RIP=0x00007ff989dce013, EFLAGS=0x0000000000010206


Register to memory mapping:

RAX=0x0000000000000001 is an unknown value
RBX=0x0000026182870fc0 is a thread
RCX=0x0000000000001000 is an unknown value
RDX=0x0 is null
RSP=0x000000aaf5dfc800 is pointing into the stack for thread: 0x0000026182870fc0
RBP=0x000000aaf5dfc8c9 is pointing into the stack for thread: 0x0000026182870fc0
RSI=0x000000aaf5dfca00 is pointing into the stack for thread: 0x0000026182870fc0
RDI=0x000000aaf5df4800 is pointing into the stack for thread: 0x0000026182870fc0
R8 =0x000000aaf5dfc800 is pointing into the stack for thread: 0x0000026182870fc0
R9 =0x0000026182870fc0 is a thread
R10=0x000000aaf5dfc9f0 is pointing into the stack for thread: 0x0000026182870fc0
R11=0x000000aaf5dfcb00 is pointing into the stack for thread: 0x0000026182870fc0
R12=0x000000aaf5dfc9f0 is pointing into the stack for thread: 0x0000026182870fc0
R13=0x000000000000000a is an unknown value
R14=0x00000261fce3d9c8 points into unknown readable memory: 0x0000000086ed4510 | 10 45 ed 86 00 00 00 00
R15=0x000000aaf5dfcb00 is pointing into the stack for thread: 0x0000026182870fc0

Top of Stack: (sp=0x000000aaf5dfc800)
0x000000aaf5dfc800:   0000026182870fc0 000000aaf5dfca00
0x000000aaf5dfc810:   0000000000000000 0000000000000000
0x000000aaf5dfc820:   0000000000000000 0000000000000000
0x000000aaf5dfc830:   0000000000000000 0000000000000000
0x000000aaf5dfc840:   000000aaf5dfefb0 0000000086ed4170
0x000000aaf5dfc850:   0000000000000208 0000000000000000
0x000000aaf5dfc860:   000002619eff2c24 00007ff98a1443bd
0x000000aaf5dfc870:   0000000000000000 00007ff989cd7716
0x000000aaf5dfc880:   000000aaf5dfc940 0000026182870fc0
0x000000aaf5dfc890:   0000000000000000 0000000000000000
0x000000aaf5dfc8a0:   0000026182870fc0 00007ff98a1b76e3
0x000000aaf5dfc8b0:   0000000000000000 00007ff989cd7662
0x000000aaf5dfc8c0:   0000000000000000 0000000000000000
0x000000aaf5dfc8d0:   000000aaf5dfed00 00000261fc981c08
0x000000aaf5dfc8e0:   00000261b24869e0 00000261b3054a28
0x000000aaf5dfc8f0:   000000aaf5dfcb30 00000261fd2d0860
0x000000aaf5dfc900:   000000aaf5dfcb00 00000261fd2d0870
0x000000aaf5dfc910:   00000261fe4f7f10 0000026182870fc0
0x000000aaf5dfc920:   000000aaf5dfca71 00007ff98a0bc092
0x000000aaf5dfc930:   00007ff989dcddf0 0000026182870fc0
0x000000aaf5dfc940:   0000000000000000 00000261a5694ea0
0x000000aaf5dfc950:   00000261fd2d0c48 00007ff989dcddde
0x000000aaf5dfc960:   000000aaf5dfc9f8 0000000000000000
0x000000aaf5dfc970:   0000000000000000 000000aaf5dfca59
0x000000aaf5dfc980:   0000026182870fc0 0000026182870fc0
0x000000aaf5dfc990:   0000026182870fc0 00007ff989e4262b
0x000000aaf5dfc9a0:   00000261fd2d0c48 0000026182870fc0
0x000000aaf5dfc9b0:   0000026182870fc0 00007ff989dae997
0x000000aaf5dfc9c0:   0000000086ed4510 0000000000000000
0x000000aaf5dfc9d0:   0000026100000002 00000261fd2d0c48
0x000000aaf5dfc9e0:   000000aaf5dfcb30 00000000000003d8
0x000000aaf5dfc9f0:   00000261f30e1270 0000026182870fc0 

Instructions: (pc=0x00007ff989dce013)
0x00007ff989dcdf13:   8b 04 24 48 8b 40 38 48 89 45 7f 41 8b 17 8d 42
0x00007ff989dcdf23:   fc 83 f8 0a 0f 87 c6 04 00 00 4c 8d 05 cc 20 c2
0x00007ff989dcdf33:   ff 48 98 41 8b 8c 80 b0 e4 3d 00 49 03 c8 ff e1
0x00007ff989dcdf43:   41 bd 0a 00 00 00 83 fa 0c 74 2f 83 fa 0d 74 2a
0x00007ff989dcdf53:   44 88 75 77 eb 28 41 bd 0b 00 00 00 44 88 75 77
0x00007ff989dcdf63:   eb 1c 41 bd 06 00 00 00 44 88 75 77 eb 10 41 bd
0x00007ff989dcdf73:   07 00 00 00 44 88 75 77 eb 04 c6 45 77 01 49 8b
0x00007ff989dcdf83:   04 24 8b 48 28 c1 e9 03 f6 c1 01 75 07 48 8b 46
0x00007ff989dcdf93:   58 4c 8b 30 48 8d 8b c0 04 00 00 e8 6d 4a 37 00
0x00007ff989dcdfa3:   e8 e8 dc 2e 00 4c 8b c0 49 8b d4 48 8b cb 48 8b
0x00007ff989dcdfb3:   f8 e8 67 24 2e 00 84 c0 75 33 4d 8b cc 48 8d 15
0x00007ff989dcdfc3:   31 a1 60 00 41 b8 82 01 00 00 48 8b cb e8 7b 87
0x00007ff989dcdfd3:   f2 ff 48 8b 9c 24 30 01 00 00 48 81 c4 f0 00 00
0x00007ff989dcdfe3:   00 41 5f 41 5e 41 5d 41 5c 5f 5e 5d c3 48 8b 0d
0x00007ff989dcdff3:   19 3e 86 00 33 d2 48 8b 05 08 8b 86 00 48 f7 f1
0x00007ff989dce003:   48 83 f8 01 72 13 0f 1f 80 00 00 00 00 48 2b f9
0x00007ff989dce013:   c6 07 00 48 83 e8 01 75 f4 33 c0 48 8b cb 48 89
0x00007ff989dce023:   45 97 48 89 45 a7 48 89 45 9f 48 8b 03 ff 50 38
0x00007ff989dce033:   84 c0 0f 84 34 04 00 00 48 8b 03 48 8b cb ff 90
0x00007ff989dce043:   90 00 00 00 84 c0 0f 84 40 04 00 00 33 d2 4c 89
0x00007ff989dce053:   7d af 48 8b cb e8 93 f0 08 00 48 8b cb 48 8b f8
0x00007ff989dce063:   e8 88 7a f2 ff 48 8b 8b 48 04 00 00 f6 c1 01 74
0x00007ff989dce073:   0f 41 b0 01 48 8b cb 41 0f b6 d0 e8 ad ee 34 00
0x00007ff989dce083:   8b 83 40 04 00 00 a8 0c 74 08 48 8b cb e8 1b fe
0x00007ff989dce093:   00 00 c7 83 44 04 00 00 08 00 00 00 45 33 d2 49
0x00007ff989dce0a3:   8b 04 24 48 89 45 87 4d 85 f6 75 06 4c 89 55 8f
0x00007ff989dce0b3:   eb 07 49 8b 06 48 89 45 8f 48 89 5c 24 40 48 8b
0x00007ff989dce0c3:   83 28 04 00 00 48 89 44 24 48 48 8b 8b 98 03 00
0x00007ff989dce0d3:   00 48 8b 45 97 48 3b c1 74 04 4c 89 55 97 48 8b
0x00007ff989dce0e3:   83 a8 03 00 00 48 89 45 a7 48 8b 83 a0 03 00 00
0x00007ff989dce0f3:   48 89 45 9f 48 8b 83 98 03 00 00 48 89 45 97 4c
0x00007ff989dce103:   89 93 98 03 00 00 4c 89 93 a8 03 00 00 4c 89 93 


Stack slot to memory mapping:

stack at sp + 0 slots: 0x0000026182870fc0 is a thread
stack at sp + 1 slots: 0x000000aaf5dfca00 is pointing into the stack for thread: 0x0000026182870fc0
stack at sp + 2 slots: 0x0 is null
stack at sp + 3 slots: 0x0 is null
stack at sp + 4 slots: 0x0 is null
stack at sp + 5 slots: 0x0 is null
stack at sp + 6 slots: 0x0 is null
stack at sp + 7 slots: 0x0 is null


Compiled method (n/a) 24277141 6541     n 0       java.io.FileOutputStream::writeBytes (native)
 total in heap  [0x00000261a5ebf190,0x00000261a5ebf550] = 960
 relocation     [0x00000261a5ebf2f0,0x00000261a5ebf320] = 48
 main code      [0x00000261a5ebf320,0x00000261a5ebf550] = 560

[Constant Pool (empty)]

[MachCode]
[Entry Point]
  # {method} {0x00000261b244f680} 'writeBytes' '([BIIZ)V' in 'java/io/FileOutputStream'
  # this:     rdx:rdx   = 'java/io/FileOutputStream'
  # parm0:    r8:r8     = '[B'
  # parm1:    r9        = int
  # parm2:    rdi       = int
  # parm3:    rsi       = boolean
  #           [sp+0x80]  (sp of caller)
  0x00000261a5ebf320: 448b 5208 | 49bb 0000 | 00b2 6102 | 0000 4d03 | d349 3bc2 | 0f84 0600 

  0x00000261a5ebf338: ;   {runtime_call ic_miss_stub}
  0x00000261a5ebf338: 0000 e941 | f67c ff90 
[Verified Entry Point]
  0x00000261a5ebf340: 8984 2400 | 80ff ff55 | 488b ec48 | 83ec 7090 | 4181 7f20 | 1600 0000 

  0x00000261a5ebf358: ;   {runtime_call StubRoutines (final stubs)}
  0x00000261a5ebf358: 7405 e821 | 6a7b ff48 | 8974 2428 | 4889 7c24 | 204c 8944 | 2438 4983 | f800 4c8d | 4424 384c 
  0x00000261a5ebf378: 0f44 4424 | 3848 8954 | 2430 4883 | fa00 488d | 5424 3048 | 0f44 5424 | 30c5 f877 

  0x00000261a5ebf394: ;   {internal_word}
  0x00000261a5ebf394: 49ba 91f3 | eba5 6102 | 0000 4d89 | 97a0 0300 | 0049 89a7 | 9803 0000 

  0x00000261a5ebf3ac: ;   {external_word}
  0x00000261a5ebf3ac: 49ba 2088 | 618a f97f | 0000 4180 | 3a00 0f84 | 4e00 0000 | 5241 5041 

  0x00000261a5ebf3c4: ;   {metadata({method} {0x00000261b244f680} 'writeBytes' '([BIIZ)V' in 'java/io/FileOutputStream')}
  0x00000261a5ebf3c4: 5148 ba78 | f644 b261 | 0200 0049 | 8bcf 4883 | ec20 40f6 | c40f 0f84 | 1900 0000 | 4883 ec08 
  0x00000261a5ebf3e4: ;   {runtime_call}
  0x00000261a5ebf3e4: 48b8 8020 | 128a f97f | 0000 ffd0 | 4883 c408 | e90c 0000 

  0x00000261a5ebf3f8: ;   {runtime_call}
  0x00000261a5ebf3f8: 0048 b880 | 2012 8af9 | 7f00 00ff | d048 83c4 | 2041 5941 | 585a 498d | 8fb8 0300 | 0041 c787 
  0x00000261a5ebf418: 4404 0000 | 0400 0000 

  0x00000261a5ebf420: ;   {runtime_call}
  0x00000261a5ebf420: 48b8 1822 | c8ef f97f | 0000 ffd0 | c5f8 7741 | c787 4404 | 0000 0500 | 0000 f083 | 4424 c000 
  0x00000261a5ebf440: 493b af48 | 0400 000f | 870e 0000 | 0041 83bf | 4004 0000 | 000f 8423 | 0000 00c5 | f877 498b 
  0x00000261a5ebf460: cf4c 8be4 | 4883 ec20 | 4883 e4f0 

  0x00000261a5ebf46c: ;   {runtime_call}
  0x00000261a5ebf46c: 48b8 70cc | dd89 f97f | 0000 ffd0 | 498b e44d | 33e4 41c7 | 8744 0400 | 0008 0000 | 0041 83bf 
  0x00000261a5ebf48c: c004 0000 | 020f 8494 

  0x00000261a5ebf494: ;   {external_word}
  0x00000261a5ebf494: 0000 0049 | ba20 8861 | 8af9 7f00 | 0041 803a | 000f 8444 

  0x00000261a5ebf4a8: ;   {metadata({method} {0x00000261b244f680} 'writeBytes' '([BIIZ)V' in 'java/io/FileOutputStream')}
  0x00000261a5ebf4a8: 0000 0048 | ba78 f644 | b261 0200 | 0049 8bcf | 4883 ec20 | 40f6 c40f | 0f84 1900 | 0000 4883 
  0x00000261a5ebf4c8: ;   {runtime_call}
  0x00000261a5ebf4c8: ec08 48b8 | 8020 128a | f97f 0000 | ffd0 4883 | c408 e90c 

  0x00000261a5ebf4dc: ;   {runtime_call}
  0x00000261a5ebf4dc: 0000 0048 | b880 2012 | 8af9 7f00 | 00ff d048 | 83c4 2049 | c787 9803 | 0000 0000 | 0000 49c7 
  0x00000261a5ebf4fc: 87a0 0300 | 0000 0000 | 00c5 f877 | 498b 8f28 | 0400 00c7 | 8100 0100 | 0000 0000 | 00c9 4983 
  0x00000261a5ebf51c: 7f08 000f | 8501 0000 

  0x00000261a5ebf524: ;   {runtime_call StubRoutines (initial stubs)}
  0x00000261a5ebf524: 00c3 e9d5 | 1978 ffc5 | f877 4c8b | e448 83ec | 2048 83e4 

  0x00000261a5ebf538: ;   {runtime_call}
  0x00000261a5ebf538: f048 b830 | 5812 8af9 | 7f00 00ff | d049 8be4 | 4d33 e4e9 | 47ff ffff 
[/MachCode]


Compiled method (c2) 24277187 8198   !   4       sun.nio.cs.StreamEncoder::flushBuffer (63 bytes)
 total in heap  [0x00000261a5f61490,0x00000261a5f64950] = 13504
 relocation     [0x00000261a5f615f0,0x00000261a5f61830] = 576
 main code      [0x00000261a5f61840,0x00000261a5f634b8] = 7288
 stub code      [0x00000261a5f634b8,0x00000261a5f63568] = 176
 oops           [0x00000261a5f63568,0x00000261a5f63570] = 8
 metadata       [0x00000261a5f63570,0x00000261a5f636e8] = 376
 scopes data    [0x00000261a5f636e8,0x00000261a5f64188] = 2720
 scopes pcs     [0x00000261a5f64188,0x00000261a5f64668] = 1248
 dependencies   [0x00000261a5f64668,0x00000261a5f64698] = 48
 handler table  [0x00000261a5f64698,0x00000261a5f64890] = 504
 nul chk table  [0x00000261a5f64890,0x00000261a5f64950] = 192

[Constant Pool (empty)]

[MachCode]
[Entry Point]
  # {method} {0x00000261b21c10d8} 'flushBuffer' '()V' in 'sun/nio/cs/StreamEncoder'
  #           [sp+0xa0]  (sp of caller)
  0x00000261a5f61840: 448b 5208 | 49bb 0000 | 00b2 6102 | 0000 4d03 | d349 3bc2 

  0x00000261a5f61854: ;   {runtime_call ic_miss_stub}
  0x00000261a5f61854: 0f85 26d1 | 72ff 6690 | 0f1f 4000 
[Verified Entry Point]
  0x00000261a5f61860: 8984 2400 | 80ff ff55 | 4881 ec90 | 0000 0090 | 4181 7f20 | 1600 0000 | 0f85 2c1c | 0000 4889 
  0x00000261a5f61880: 5424 4844 | 8b52 1045 

  0x00000261a5f61888: ;   {metadata('jdk/internal/misc/InternalLock')}
  0x00000261a5f61888: 8b42 0841 | 81f8 20fa | 1000 0f85 | 5815 0000 | 498b fa44 | 8b57 0c41 | 8b5a 0c85 | db0f 841c 
  0x00000261a5f618a8: 0e00 004c | 8beb 4d8b | 9780 0300 | 004d 8b12 | 4c89 5424 | 6033 c041 | ba01 0000 | 00f0 440f 
  0x00000261a5f618c8: b153 1041 | 0f94 c345 | 0fb6 db4c | 8b54 2460 | 498b f245 | 85db 0f84 | 2d05 0000 | 4180 7f40 
  0x00000261a5f618e8: 000f 85b3 | 0600 0089 | 730c 4c8b | 5424 604d | 8bdd 4d33 | d349 c1ea | 144d 85d2 | 741a 49c1 
  0x00000261a5f61908: eb09 48b9 | 0060 0ead | 6102 0000 | 4903 cb80 | 3902 0f85 | 2f07 0000 | 4c8b 5424 | 4841 0fb6 
  0x00000261a5f61928: 6a1a 85ed | 0f85 da0f | 0000 418b | 4a24 448b | 5918 4585 | db0f 8ebb | 0300 0044 

  0x00000261a5f61944: ;   {metadata('java/nio/HeapByteBuffer')}
  0x00000261a5f61944: 8b51 0841 | 81fa 505f | 1c00 0f85 | 340e 0000 | 4c8b d145 | 8b42 1845 | 8942 1c41 | c742 0cff 
  0x00000261a5f61964: ffff ff45 | 8962 1845 | 85c0 0f8c | b40f 0000 | 4585 c00f | 8ecf 0f00 | 004c 8b54 | 2448 418b 
  0x00000261a5f61984: 6a2c 85ed | 0f85 6711 | 0000 448b | 7130 458b | 5228 458b | 6e0c 0fb6 | 692c 85ed | 0f85 6e11 
  0x00000261a5f619a4: 0000 448b | 5928 4489 | 5c24 6845 

  0x00000261a5f619b0: ;   {metadata('java/io/PrintStream')}
  0x00000261a5f619b0: 8b4a 0841 | 81f9 60a3 | 0000 0f85 | ec0d 0000 | 4d8b da41 | 8b6b 1844 | 8b55 0c41 | 8b5a 0c85 
  0x00000261a5f619d0: db0f 8411 | 0d00 0033 | c041 ba01 | 0000 00f0 | 440f b153 | 1041 0f94 | c245 0fb6 | d249 8bd6 
  0x00000261a5f619f0: 488b cb45 | 85d2 0f84 | 6104 0000 | 4180 7f40 | 000f 85ce | 0500 0089 | 730c 4c8b | 5424 604c 
  0x00000261a5f61a10: 8bc9 4d33 | d149 c1ea | 144d 85d2 | 741a 49c1 | e909 48b9 | 0060 0ead | 6102 0000 | 4903 c980 
  0x00000261a5f61a30: 3902 0f85 | 2507 0000 | 418b 6b10 

  0x00000261a5f61a3c: ; implicit exception: dispatches to 0x00000261a5f630b8
  0x00000261a5f61a3c: 448b 4d08 

  0x00000261a5f61a40: ;   {metadata('java/io/BufferedOutputStream')}
  0x00000261a5f61a40: 4181 f9f0 | f100 000f | 858f 0d00 | 004c 8bd5 | 418b 6a20 

  0x00000261a5f61a54: ; implicit exception: dispatches to 0x00000261a5f630ec
  0x00000261a5f61a54: 8b5d 0c8b | 5b0c 85db | 0f84 b60c | 0000 4889 | 7c24 3033 | c041 b901 | 0000 00f0 | 440f b14b 
  0x00000261a5f61a74: 100f 94c1 | 0fb6 c948 | 8bfb 85c9 | 0f84 6404 | 0000 4180 | 7f40 000f | 850f 0600 | 0089 730c 
  0x00000261a5f61a94: 4c8b 4c24 | 6048 8bcf | 4c33 c949 | c1e9 144d | 85c9 741b | 48c1 e909 | 49b9 0060 | 0ead 6102 
  0x00000261a5f61ab4: 0000 4c03 | c941 8039 | 020f 8512 | 0700 0041 | 8b72 1c44 | 3bc6 0f8d | b80a 0000 | 418b 5a18 
  0x00000261a5f61ad4: 458d 0c18 | 41ff c145 | 85c9 0f8c | 7010 0000 | 418b 7a24 

  0x00000261a5f61ae8: ; implicit exception: dispatches to 0x00000261a5f62f7c
  0x00000261a5f61ae8: 8b6f 0c44 | 3bcd 0f8e | 7c0e 0000 | 3bee 0f8c | 9c10 0000 | 2beb 443b | c50f 8ead | 0e00 0085 
  0x00000261a5f61b08: db0f 8ee5 | 0e00 0041 | 8b6a 1044 

  0x00000261a5f61b14: ;   {metadata('java/io/FileOutputStream')}
  0x00000261a5f61b14: 8b4d 0841 | 81f9 9024 | 0100 0f85 | 040d 0000 | 488b cd44 | 8b49 1041 | 0fb6 7119 

  0x00000261a5f61b30: ;   {oop(a 'java/lang/Class'{0x00000000834b0d20} = 'jdk/internal/misc/VM')}
  0x00000261a5f61b30: 49b9 200d | 4b83 0000 | 0000 458b | 8994 0000 | 0041 83f9 | 047c 1b4d | 8b8f 7803 | 0000 498b 
  0x00000261a5f61b50: 2944 8b4d 

  0x00000261a5f61b54: ;   {metadata('jdk/internal/misc/CarrierThread')}
  0x00000261a5f61b54: 0841 81f9 | c0e6 1200 | 0f84 420d | 0000 4c89 | 5424 5048 | 8954 2440 | 4c89 5c24 | 3844 896c 
  0x00000261a5f61b74: 2420 4489 | 7424 2c44 | 8944 2428 | 4c8b c748 | 8bd1 4533 | c98b fb49 | 8beb 6690 

  0x00000261a5f61b90: ;   {optimized virtual_call}
  0x00000261a5f61b90: c5f8 77e8 

  0x00000261a5f61b94: ; ImmutableOopMap {rbp=Oop [44]=NarrowOop [48]=Oop [56]=Oop [64]=Oop [72]=Oop [80]=Oop [96]=Oop }
                      ;*invokevirtual writeBytes {reexecute=0 rethrow=0 return_oop=0}
                      ; - java.io.FileOutputStream::write@25 (line 367)
                      ; - java.io.BufferedOutputStream::flushBuffer@20 (line 125)
                      ; - java.io.BufferedOutputStream::implWrite@43 (line 222)
                      ; - java.io.BufferedOutputStream::write@18 (line 200)
                      ; - java.io.PrintStream::implWrite@11 (line 643)
                      ; - java.io.PrintStream::write@18 (line 623)
                      ; - sun.nio.cs.StreamEncoder::writeBytes@127 (line 309)
                      ; - sun.nio.cs.StreamEncoder::implFlushBuffer@11 (line 405)
                      ; - sun.nio.cs.StreamEncoder::lockedFlushBuffer@8 (line 123)
                      ; - sun.nio.cs.StreamEncoder::flushBuffer@22 (line 110)
  0x00000261a5f61b94: a8d7 f5ff 

  0x00000261a5f61b98: ;   {other}
  0x00000261a5f61b98: 0f1f 8400 | 0807 0000 | 48c7 c2ff | ffff ff90 

  0x00000261a5f61ba8: ;   {static_call}
  0x00000261a5f61ba8: c5f8 77e8 

  0x00000261a5f61bac: ; ImmutableOopMap {rbp=Oop [44]=NarrowOop [48]=Oop [56]=Oop [64]=Oop [72]=Oop [80]=Oop [96]=Oop }
                      ;*invokestatic end {reexecute=0 rethrow=0 return_oop=0}
                      ; - java.io.FileOutputStream::write@30 (line 369)
                      ; - java.io.BufferedOutputStream::flushBuffer@20 (line 125)
                      ; - java.io.BufferedOutputStream::implWrite@43 (line 222)
                      ; - java.io.BufferedOutputStream::write@18 (line 200)
                      ; - java.io.PrintStream::implWrite@11 (line 643)
                      ; - java.io.PrintStream::write@18 (line 623)
                      ; - sun.nio.cs.StreamEncoder::writeBytes@127 (line 309)
                      ; - sun.nio.cs.StreamEncoder::implFlushBuffer@11 (line 405)
                      ; - sun.nio.cs.StreamEncoder::lockedFlushBuffer@8 (line 123)
                      ; - sun.nio.cs.StreamEncoder::flushBuffer@22 (line 110)
  0x00000261a5f61bac: d0dc 72ff 

  0x00000261a5f61bb0: ;   {other}
  0x00000261a5f61bb0: 0f1f 8400 | 2007 0001 | 488b 7c24 | 5044 8967 | 188b 6f24 

  0x00000261a5f61bc4: ; implicit exception: dispatches to 0x00000261a5f63038
  0x00000261a5f61bc4: 448b 5d0c | 448b 5424 | 6845 85d2 | 0f8c ae0c | 0000 448b | 4424 2844 | 0344 2468 | 448b 4c24 
  0x00000261a5f61be4: 2045 3bc8 | 0f82 960c | 0000 443b | 5c24 280f | 828b 0c00 | 008b 5c24 | 2885 db74 | 4444 8b44 
  0x00000261a5f61c04: 242c 4b8d | 4c10 104c | 8bd5 488d | 5510 4c63 | c349 83f8 | 200f 874e | 0100 0044 | 8bdb 4d63 
  0x00000261a5f61c24: d349 bbff | ffff ffff | ffff ffc4 | 42a8 f5db | c4c1 fb92 | fb62 f17f | af6f 0162 | f17f 2f7f 
  0x00000261a5f61c44: 0244 8b5f | 1844 03db | 4489 5f18 | 448b 5f20 | 4585 db0f | 84ef 0a00 | 0049 8bd3 

  0x00000261a5f61c60: ;   {optimized virtual_call}
  0x00000261a5f61c60: c5f8 77e8 

  0x00000261a5f61c64: ; ImmutableOopMap {[48]=Oop [56]=Oop [72]=Oop [96]=Oop }
                      ;*invokevirtual unlock {reexecute=0 rethrow=0 return_oop=0}
                      ; - java.io.BufferedOutputStream::write@25 (line 202)
                      ; - java.io.PrintStream::implWrite@11 (line 643)
                      ; - java.io.PrintStream::write@18 (line 623)
                      ; - sun.nio.cs.StreamEncoder::writeBytes@127 (line 309)
                      ; - sun.nio.cs.StreamEncoder::implFlushBuffer@11 (line 405)
                      ; - sun.nio.cs.StreamEncoder::lockedFlushBuffer@8 (line 123)
                      ; - sun.nio.cs.StreamEncoder::flushBuffer@22 (line 110)
  0x00000261a5f61c64: 18d2 72ff 

  0x00000261a5f61c68: ;   {other}
  0x00000261a5f61c68: 0f1f 8400 | d807 0002 | 4c8b 5c24 | 3845 0fb6 | 530d 4585 | d274 2645 | 8b53 1049 | 8bd2 c5f8 
  0x00000261a5f61c88: 7748 b8ff | ffff ffff 

  0x00000261a5f61c90: ;   {virtual_call}
  0x00000261a5f61c90: ffff ffe8 

  0x00000261a5f61c94: ; ImmutableOopMap {[48]=Oop [56]=Oop [72]=Oop [96]=Oop }
                      ;*invokevirtual flush {reexecute=0 rethrow=0 return_oop=0}
                      ; - java.io.PrintStream::implWrite@25 (line 645)
                      ; - java.io.PrintStream::write@18 (line 623)
                      ; - sun.nio.cs.StreamEncoder::writeBytes@127 (line 309)
                      ; - sun.nio.cs.StreamEncoder::implFlushBuffer@11 (line 405)
                      ; - sun.nio.cs.StreamEncoder::lockedFlushBuffer@8 (line 123)
                      ; - sun.nio.cs.StreamEncoder::flushBuffer@22 (line 110)
  0x00000261a5f61c94: e8d6 72ff 

  0x00000261a5f61c98: ;   {other}
  0x00000261a5f61c98: 0f1f 8400 | 0808 0003 | 4c8b 5c24 | 3845 8b53 | 1845 85d2 | 0f84 ba0a | 0000 498b | eb49 8bd2 
  0x00000261a5f61cb8: ;   {optimized virtual_call}
  0x00000261a5f61cb8: c5f8 77e8 

  0x00000261a5f61cbc: ; ImmutableOopMap {rbp=Oop [48]=Oop [72]=Oop [96]=Oop }
                      ;*invokevirtual unlock {reexecute=0 rethrow=0 return_oop=0}
                      ; - java.io.PrintStream::write@25 (line 625)
                      ; - sun.nio.cs.StreamEncoder::writeBytes@127 (line 309)
                      ; - sun.nio.cs.StreamEncoder::implFlushBuffer@11 (line 405)
                      ; - sun.nio.cs.StreamEncoder::lockedFlushBuffer@8 (line 123)
                      ; - sun.nio.cs.StreamEncoder::flushBuffer@22 (line 110)
  0x00000261a5f61cbc: c0d1 72ff 

  0x00000261a5f61cc0: ;   {other}
  0x00000261a5f61cc0: 0f1f 8400 | 3008 0004 | 4c8b 5424 | 4841 8b6a | 2444 8b5d 

  0x00000261a5f61cd4: ;   {metadata('java/nio/HeapByteBuffer')}
  0x00000261a5f61cd4: 0841 81fb | 505f 1c00 | 0f85 2e0b | 0000 4c8b | d545 8962 | 1841 c742 | 0cff ffff | ff45 8b5a 
  0x00000261a5f61cf4: 2045 895a | 1c48 8b7c | 2430 448b | 570c 418b | 5a0c 8b7b | 108b 6b0c | 4c8b d54c | 8b5c 2460 
  0x00000261a5f61d14: 4d3b d30f | 851b 0e00 | 0083 ff01 | 0f85 3205 | 0000 4180 | 7f40 000f | 853e 0200 | 0044 8963 
  0x00000261a5f61d34: 0c41 bb01 | 0000 00ff | cf89 7b10 | f083 4424 | c000 4585 | db74 0944 | 8b5b 1445 | 85db 7536 
  0x00000261a5f61d54: c5f8 7748 | 81c4 9000 

  0x00000261a5f61d5c: ;   {poll_return}
  0x00000261a5f61d5c: 0000 5d49 | 3ba7 4804 | 0000 0f87 | 2817 0000 | c3c5 f877 | 49ba e0ff | 66a5 6102 | 0000 41ff 
  0x00000261a5f61d7c: ;   {other}
  0x00000261a5f61d7c: d20f 1f84 | 0000 0000 | 00e9 bbfe | ffff 458b | 4314 4585 | c074 c145 | 8b50 0c45 | 85d2 74b8 
  0x00000261a5f61d9c: 418b 400c | 448b d841 | 83e3 fef0 | 450f b158 | 0c40 0f94 | c540 0fb6 | ed85 ed0f | 8463 0f00 
  0x00000261a5f61dbc: 0041 8b68 | 1885 ed74 | 8f44 8b55 | 0849 bb00 | 0000 b261 | 0200 004d | 03da 4d8b 

  0x00000261a5f61dd8: ;   {metadata('java/lang/BaseVirtualThread')}
  0x00000261a5f61dd8: 5340 49bb | 0098 02b2 | 6102 0000 | 4d3b d30f | 841c 0f00 | 004c 8bc5 

  0x00000261a5f61df0: ;   {oop(a 'jdk/internal/misc/Unsafe'{0x00000000834008d8})}
  0x00000261a5f61df0: 48ba d808 | 4083 0000 | 0000 6690 

  0x00000261a5f61dfc: ;   {optimized virtual_call}
  0x00000261a5f61dfc: c5f8 77e8 

  0x00000261a5f61e00: ; ImmutableOopMap {}
                      ;*invokevirtual unpark {reexecute=0 rethrow=0 return_oop=0}
                      ; - java.util.concurrent.locks.LockSupport::unpark@22 (line 181)
                      ; - java.util.concurrent.locks.AbstractQueuedSynchronizer::signalNext@30 (line 645)
                      ; - java.util.concurrent.locks.AbstractQueuedSynchronizer::release@12 (line 1060)
                      ; - java.util.concurrent.locks.ReentrantLock::unlock@5 (line 494)
                      ; - jdk.internal.misc.InternalLock::unlock@4 (line 78)
                      ; - sun.nio.cs.StreamEncoder::flushBuffer@26 (line 112)
  0x00000261a5f61e00: 7cd0 72ff 

  0x00000261a5f61e04: ;   {other}
  0x00000261a5f61e04: 0f1f 8400 | 7409 0005 | e943 ffff | ff44 8b5b | 0c4d 8bd3 | 4c8b 5c24 | 604d 3bd3 | 0f84 2605 
  0x00000261a5f61e24: 0000 8974 | 2430 4889 | 7c24 2048 | 8bea 498b | d541 b801 | 0000 0090 

  0x00000261a5f61e3c: ;   {optimized virtual_call}
  0x00000261a5f61e3c: c5f8 77e8 

  0x00000261a5f61e40: ; ImmutableOopMap {rbp=Oop [32]=Oop [48]=NarrowOop [72]=Oop [96]=Oop }
                      ;*invokevirtual acquire {reexecute=0 rethrow=0 return_oop=0}
                      ; - java.util.concurrent.locks.ReentrantLock$Sync::lock@9 (line 153)
                      ; - java.util.concurrent.locks.ReentrantLock::lock@4 (line 322)
                      ; - jdk.internal.misc.InternalLock::lock@4 (line 74)
                      ; - sun.nio.cs.StreamEncoder::flushBuffer@18 (line 108)
  0x00000261a5f61e40: 3cd0 72ff 

  0x00000261a5f61e44: ;   {other}
  0x00000261a5f61e44: 0f1f 8400 | b409 0006 | 4c8b 5424 | 208b 7424 | 3049 8bfa | e9c3 faff | ff44 8b53 | 0c4c 8b4c 
  0x00000261a5f61e64: 2460 4d3b | d10f 84f1 | 0300 0048 | 8954 2450 | 4c89 5c24 | 4048 8944 | 24f8 8b44 | 2468 8944 
  0x00000261a5f61e84: 2438 488b | 4424 f844 | 896c 242c | 4489 7424 | 2844 8944 | 2424 8974 | 2420 498b | e948 897c 
  0x00000261a5f61ea4: 2430 488b | d141 b801 | 0000 0090 

  0x00000261a5f61eb0: ;   {optimized virtual_call}
  0x00000261a5f61eb0: c5f8 77e8 

  0x00000261a5f61eb4: ; ImmutableOopMap {rbp=Oop [32]=NarrowOop [40]=NarrowOop [48]=Oop [64]=Oop [72]=Oop [80]=Oop [96]=Oop }
                      ;*invokevirtual acquire {reexecute=0 rethrow=0 return_oop=0}
                      ; - java.util.concurrent.locks.ReentrantLock$Sync::lock@9 (line 153)
                      ; - java.util.concurrent.locks.ReentrantLock::lock@4 (line 322)
                      ; - jdk.internal.misc.InternalLock::lock@4 (line 74)
                      ; - java.io.PrintStream::write@11 (line 621)
                      ; - sun.nio.cs.StreamEncoder::writeBytes@127 (line 309)
                      ; - sun.nio.cs.StreamEncoder::implFlushBuffer@11 (line 405)
                      ; - sun.nio.cs.StreamEncoder::lockedFlushBuffer@8 (line 123)
                      ; - sun.nio.cs.StreamEncoder::flushBuffer@22 (line 110)
  0x00000261a5f61eb4: c8cf 72ff 

  0x00000261a5f61eb8: ;   {other}
  0x00000261a5f61eb8: 0f1f 8400 | 280a 0007 | 4c8b 5424 | 308b 7424 | 2044 8b44 | 2424 448b | 7424 2844 | 8b6c 242c 
  0x00000261a5f61ed8: 4c8b 5c24 | 4048 8b54 | 2450 498b | fae9 4efb | ffff 8b4b | 0c4c 8bc9 | 488b 4c24 | 604c 3bc9 
  0x00000261a5f61ef8: 0f84 0105 | 0000 4c89 | 5424 5048 | 8954 2440 | 4c89 5c24 | 3848 8944 | 24f8 8b44 | 2468 8944 
  0x00000261a5f61f18: 242c 488b | 4424 f844 | 896c 2428 | 4489 7424 | 2444 8944 | 2420 488b | e948 8bd7 | 41b8 0100 
  0x00000261a5f61f38: 0000 6690 

  0x00000261a5f61f3c: ;   {optimized virtual_call}
  0x00000261a5f61f3c: c5f8 77e8 

  0x00000261a5f61f40: ; ImmutableOopMap {rbp=Oop [36]=NarrowOop [48]=Oop [56]=Oop [64]=Oop [72]=Oop [80]=Oop [96]=Oop }
                      ;*invokevirtual acquire {reexecute=0 rethrow=0 return_oop=0}
                      ; - java.util.concurrent.locks.ReentrantLock$Sync::lock@9 (line 153)
                      ; - java.util.concurrent.locks.ReentrantLock::lock@4 (line 322)
                      ; - jdk.internal.misc.InternalLock::lock@4 (line 74)
                      ; - java.io.BufferedOutputStream::write@11 (line 198)
                      ; - java.io.PrintStream::implWrite@11 (line 643)
                      ; - java.io.PrintStream::write@18 (line 623)
                      ; - sun.nio.cs.StreamEncoder::writeBytes@127 (line 309)
                      ; - sun.nio.cs.StreamEncoder::implFlushBuffer@11 (line 405)
                      ; - sun.nio.cs.StreamEncoder::lockedFlushBuffer@8 (line 123)
                      ; - sun.nio.cs.StreamEncoder::flushBuffer@22 (line 110)
  0x00000261a5f61f40: 3ccf 72ff 

  0x00000261a5f61f44: ;   {other}
  0x00000261a5f61f44: 0f1f 8400 | b40a 0008 | 448b 4424 | 2044 8b74 | 2424 448b | 6c24 284c | 8b5c 2438 | 488b 5424 
  0x00000261a5f61f64: 404c 8b54 | 2450 e954 | fbff ff44 | 8b5b 0c45 | 85db 0f84 | b5fd ffff | 4d8b 5728 | 498b cb4d 
  0x00000261a5f61f84: 85d2 0f84 | a40a 0000 | 4d8b 5f38 | 4b89 4c13 | f849 83c2 | f84d 8957 | 28e9 8ffd | ffff 448b 
  0x00000261a5f61fa4: 530c 4585 | d20f 8440 | f9ff ff4d | 8b5f 2849 | 8bca 4d85 | db0f 8491 | 0a00 004d | 8b57 384b 
  0x00000261a5f61fc4: 894c 1af8 | 4983 c3f8 | 4d89 5f28 | e91a f9ff | ff44 8b53 | 0c45 85d2 | 0f84 25fa | ffff 4889 
  0x00000261a5f61fe4: 4c24 4048 | 8954 2438 | 4c89 5c24 | 3044 896c | 2424 4489 | 7424 2045 | 8be8 448b | f648 8bf7 
  0x00000261a5f62004: 4d8b 5f28 | 498b ca4d | 85db 0f84 | 5c0a 0000 | 4d8b 5738 | 4b89 4c1a | f849 83c3 | f84d 895f 
  0x00000261a5f62024: 284c 8bd6 | 418b f645 | 8bc5 448b | 7424 2044 | 8b6c 2424 | 4c8b 5c24 | 3048 8b54 

  0x00000261a5f62040: ;   {no_reloc}
  0x00000261a5f62040: 2438 488b | 4c24 4049 | 8bfa e9b8 | f9ff ff4d | 8b57 484d | 8b5f 58f0 | 8344 24c0 | 0080 3900 
  0x00000261a5f62060: 0f84 baf8 | ffff 4488 | 214d 85d2 | 7520 498b | d7c5 f877 | 49ba c002 | d189 f97f | 0000 41ff 
  0x00000261a5f62080: ;   {other}
  0x00000261a5f62080: d20f 1f84 | 0000 0000 | 00e9 92f8 | ffff 4b89 | 4c13 f849 | 83c2 f84d | 8957 48e9 | 80f8 ffff 
  0x00000261a5f620a0: 448b 4b0c | 4585 c90f | 84e4 f9ff | ff49 8b47 | 2849 8bc9 | 4885 c00f | 84d3 0900 | 0048 897c 
  0x00000261a5f620c0: 2458 4c89 | 5424 5048 | 8954 2440 | 4c89 5c24 | 3848 8944 | 24f8 8b44 | 2468 8944 | 2428 488b 
  0x00000261a5f620e0: 4424 f844 | 896c 2424 | 4489 7424 | 2045 8bf0 | 448b ee48 | 8b6c 2460 | 488b 7424 | 3048 8b7c 
  0x00000261a5f62100: 2448 4d8b | 5738 4989 | 4c02 f848 | 83c0 f849 | 8947 2848 | 897c 2448 | 4889 7424 | 3048 896c 
  0x00000261a5f62120: 2460 418b | f545 8bc6 | 448b 7424 | 2044 8b6c | 2424 4c8b | 5c24 3848 | 8b54 2440 | 4c8b 5424 
  0x00000261a5f62140: 5048 8b7c | 2458 4889 | 4424 f88b | 4424 2889 | 4424 6848 | 8b44 24f8 | e934 f9ff | ff48 8954 
  0x00000261a5f62160: 2430 4c89 | 5c24 2844 | 896c 2420 | 458b ee45 | 8bf0 8bee | 4d8b 5758 | 4d8b 5f48 | f083 4424 
  0x00000261a5f62180: ;   {no_reloc}
  0x00000261a5f62180: c000 8039 | 0074 3244 | 8821 4d85 | db74 0f4b | 894c 1af8 | 4983 c3f8 | 4d89 5f48 | eb1b 498b 
  0x00000261a5f621a0: d7c5 f877 | 49ba c002 | d189 f97f | 0000 41ff 

  0x00000261a5f621b0: ;   {other}
  0x00000261a5f621b0: d20f 1f84 | 0000 0000 | 008b f545 | 8bc6 458b | f544 8b6c | 2420 4c8b | 5c24 2848 | 8b54 2430 
  0x00000261a5f621d0: e963 f8ff | ff49 8b4f | 5849 8b5f | 48f0 8344 | 24c0 0041 | 8039 000f | 84d6 f8ff | ff45 8821 
  0x00000261a5f621f0: 4885 db75 | 514c 8954 | 2440 4889 | 5424 384c | 895c 2428 | 4489 6c24 | 2045 8be8 | 498b c949 
  0x00000261a5f62210: 8bd7 c5f8 | 7749 bac0 | 02d1 89f9 | 7f00 0041 

  0x00000261a5f62220: ;   {other}
  0x00000261a5f62220: ffd2 0f1f | 8400 0000 | 0000 458b | c544 8b6c | 2420 4c8b | 5c24 2848 | 8b54 2438 | 4c8b 5424 
  0x00000261a5f62240: 40e9 7df8 | ffff 4c89 | 4c19 f848 | 83c3 f849 | 895f 48e9 | 6bf8 ffff | 4533 dbe9 | dbfa ffff 
  0x00000261a5f62260: 448b 5310 | 41ff c245 | 85d2 7c0f | 4489 5310 | f083 4424 | c000 e9bd | f7ff ff49 | 8b87 b801 
  0x00000261a5f62280: 0000 4c8b | d049 83c2 | 284d 3b97 | c801 0000 | 0f83 d509 | 0000 4d89 | 97b8 0100 | 0041 0f0d 
  0x00000261a5f622a0: 8ac0 0000 | 0048 c700 | 0100 0000 | 4c8b d049 

  0x00000261a5f622b0: ;   {metadata('java/lang/Error')}
  0x00000261a5f622b0: 83c2 10c7 | 4008 c807 | 0100 4489 | 600c c5fd | efc0 41b9 | 0700 0000 | c4c1 7892 | f962 d1fe 
  0x00000261a5f622d0: 2f7f 0248 | 897c 2430 | 488b 6c24 | 6044 8944 | 2420 4889 | 4424 f88b | 4424 6889 | 4424 2448 
  0x00000261a5f622f0: 8b44 24f8 | 4c89 5c24 | 4048 8954 | 2428 4889 | 4c24 384c | 8bd0 4c89 | 5424 5049 

  0x00000261a5f6230c: ;   {oop("Maximum lock count exceeded"{0x0000000083742228})}
  0x00000261a5f6230c: 8bd2 49b8 | 2822 7483 | 0000 0000 

  0x00000261a5f62318: ;   {optimized virtual_call}
  0x00000261a5f62318: c5f8 77e8 

  0x00000261a5f6231c: ; ImmutableOopMap {rbp=Oop [40]=Oop [48]=Oop [56]=Oop [64]=Oop [72]=Oop [80]=Oop }
                      ;*invokespecial <init> {reexecute=0 rethrow=0 return_oop=0}
                      ; - java.util.concurrent.locks.ReentrantLock$NonfairSync::initialTryLock@45 (line 231)
                      ; - java.util.concurrent.locks.ReentrantLock$Sync::lock@1 (line 152)
                      ; - java.util.concurrent.locks.ReentrantLock::lock@4 (line 322)
                      ; - jdk.internal.misc.InternalLock::lock@4 (line 74)
                      ; - java.io.PrintStream::write@11 (line 621)
                      ; - sun.nio.cs.StreamEncoder::writeBytes@127 (line 309)
                      ; - sun.nio.cs.StreamEncoder::implFlushBuffer@11 (line 405)
                      ; - sun.nio.cs.StreamEncoder::lockedFlushBuffer@8 (line 123)
                      ; - sun.nio.cs.StreamEncoder::flushBuffer@22 (line 110)
  0x00000261a5f6231c: 60cb 72ff 

  0x00000261a5f62320: ;   {other}
  0x00000261a5f62320: 0f1f 8400 | 900e 0009 | 488b 6c24 | 5048 8b54 | 2430 6690 

  0x00000261a5f62334: ;   {optimized virtual_call}
  0x00000261a5f62334: c5f8 77e8 

  0x00000261a5f62338: ; ImmutableOopMap {rbp=Oop }
                      ;*invokevirtual unlock {reexecute=0 rethrow=0 return_oop=0}
                      ; - sun.nio.cs.StreamEncoder::flushBuffer@34 (line 112)
  0x00000261a5f62338: 44cb 72ff 

  0x00000261a5f6233c: ;   {other}
  0x00000261a5f6233c: 0f1f 8400 | ac0e 000a | 488b d5e9 | a300 0000 | 448b 5310 | 41ff c245 | 85d2 7c0f | 4489 5310 
  0x00000261a5f6235c: f083 4424 | c000 e9b9 | f5ff ff49 | 8b87 b801 | 0000 4c8b | d049 83c2 | 284d 3b97 | c801 0000 
  0x00000261a5f6237c: 0f83 b108 | 0000 4d89 | 97b8 0100 | 0041 0f0d | 8ac0 0000 | 0048 c700 | 0100 0000 | 4c8b d049 
  0x00000261a5f6239c: ;   {metadata('java/lang/Error')}
  0x00000261a5f6239c: 83c2 10c7 | 4008 c807 | 0100 4489 | 600c c5fd | efc0 41b8 | 0700 0000 | c4c1 7892 | f862 d1fe 
  0x00000261a5f623bc: 2f7f 0248 | 8be8 488b 

  0x00000261a5f623c4: ;   {oop("Maximum lock count exceeded"{0x0000000083742228})}
  0x00000261a5f623c4: d549 b828 | 2274 8300 | 0000 0048 | 897c 2428 | 4c89 6c24 | 3066 6690 

  0x00000261a5f623dc: ;   {optimized virtual_call}
  0x00000261a5f623dc: c5f8 77e8 

  0x00000261a5f623e0: ; ImmutableOopMap {rbp=Oop [40]=Oop [48]=Oop [72]=Oop }
                      ;*invokespecial <init> {reexecute=0 rethrow=0 return_oop=0}
                      ; - java.util.concurrent.locks.ReentrantLock$NonfairSync::initialTryLock@45 (line 231)
                      ; - java.util.concurrent.locks.ReentrantLock$Sync::lock@1 (line 152)
                      ; - java.util.concurrent.locks.ReentrantLock::lock@4 (line 322)
                      ; - jdk.internal.misc.InternalLock::lock@4 (line 74)
                      ; - sun.nio.cs.StreamEncoder::flushBuffer@18 (line 108)
  0x00000261a5f623e0: 9cca 72ff 

  0x00000261a5f623e4: ;   {other}
  0x00000261a5f623e4: 0f1f 8400 | 540f 000b | 488b d5c5 | f877 4881 | c490 0000 

  0x00000261a5f623f8: ;   {runtime_call _rethrow_Java}
  0x00000261a5f623f8: 005d e901 | 0781 ff44 | 8b4b 1041 | ffc1 4585 | c90f 8d6a | 0100 0049 | 8b87 b801 | 0000 4c8b 
  0x00000261a5f62418: c849 83c1 | 284d 3b8f | c801 0000 | 0f83 8f08 | 0000 4d89 | 8fb8 0100 | 0048 8bc8 | 4883 c110 
  0x00000261a5f62438: 48c7 0001 | 0000 0041 | 0f0d 89c0 

  0x00000261a5f62444: ;   {metadata('java/lang/Error')}
  0x00000261a5f62444: 0000 00c7 | 4008 c807 | 0100 4489 | 600c c5fd | efc0 41b9 | 0700 0000 | c4c1 7892 | f962 f1fe 
  0x00000261a5f62464: 2f7f 0148 | 8b6c 2460 | 4489 4424 | 2048 8944 | 24f8 8b44 | 2468 8944 | 2424 488b | 4424 f84c 
  0x00000261a5f62484: 895c 2438 | 4889 5424 | 284c 8954 | 2440 4889 | 7c24 504c | 8bd0 4c89 | 5424 5849 

  0x00000261a5f624a0: ;   {oop("Maximum lock count exceeded"{0x0000000083742228})}
  0x00000261a5f624a0: 8bd2 49b8 | 2822 7483 | 0000 0000 

  0x00000261a5f624ac: ;   {optimized virtual_call}
  0x00000261a5f624ac: c5f8 77e8 

  0x00000261a5f624b0: ; ImmutableOopMap {rbp=Oop [40]=Oop [48]=Oop [56]=Oop [64]=Oop [72]=Oop [80]=Oop [88]=Oop }
                      ;*invokespecial <init> {reexecute=0 rethrow=0 return_oop=0}
                      ; - java.util.concurrent.locks.ReentrantLock$NonfairSync::initialTryLock@45 (line 231)
                      ; - java.util.concurrent.locks.ReentrantLock$Sync::lock@1 (line 152)
                      ; - java.util.concurrent.locks.ReentrantLock::lock@4 (line 322)
                      ; - jdk.internal.misc.InternalLock::lock@4 (line 74)
                      ; - java.io.BufferedOutputStream::write@11 (line 198)
                      ; - java.io.PrintStream::implWrite@11 (line 643)
                      ; - java.io.PrintStream::write@18 (line 623)
                      ; - sun.nio.cs.StreamEncoder::writeBytes@127 (line 309)
                      ; - sun.nio.cs.StreamEncoder::implFlushBuffer@11 (line 405)
                      ; - sun.nio.cs.StreamEncoder::lockedFlushBuffer@8 (line 123)
                      ; - sun.nio.cs.StreamEncoder::flushBuffer@22 (line 110)
  0x00000261a5f624b0: ccc9 72ff 

  0x00000261a5f624b4: ;   {other}
  0x00000261a5f624b4: 0f1f 8400 | 2410 000c | 4c8b 5424 | 584c 8954 | 2450 4889 | 6c24 604c | 8b54 2438 | 458b 5a18 
  0x00000261a5f624d4: ; implicit exception: dispatches to 0x00000261a5f63139
  0x00000261a5f624d4: 458b 430c 

  0x00000261a5f624d8: ; implicit exception: dispatches to 0x00000261a5f63158
  0x00000261a5f624d8: 458b 580c 

  0x00000261a5f624dc: ; implicit exception: dispatches to 0x00000261a5f63178
  0x00000261a5f624dc: 418b 5b10 | 418b 6b0c | 4c8b c54c | 8b4c 2460 | 4d3b c10f | 8572 0800 | 0083 fb01 | 0f85 2d07 
  0x00000261a5f624fc: 0000 4180 | 7f40 000f | 85ef 0600 | 0045 8963 | 0c41 b901 | 0000 00ff | cb41 895b | 10f0 8344 
  0x00000261a5f6251c: 24c0 0045 | 85c9 740d | 458b 4314 | 4585 c00f | 85ee 0000 | 004c 8b4c | 2450 458b | 4108 49bb 
  0x00000261a5f6253c: 0000 00b2 | 6102 0000 | 4d03 d84d 

  0x00000261a5f62548: ;   {metadata('java/io/InterruptedIOException')}
  0x00000261a5f62548: 8b43 5048 | b920 0236 | b361 0200 | 004c 3bc1 | 0f85 a000 | 0000 488b | 5424 6090 

  0x00000261a5f62564: ;   {optimized virtual_call}
  0x00000261a5f62564: c5f8 77e8 

  0x00000261a5f62568: ; ImmutableOopMap {[48]=Oop [72]=Oop [96]=Oop }
                      ;*invokevirtual interrupt {reexecute=0 rethrow=0 return_oop=0}
                      ; - java.io.PrintStream::write@80 (line 634)
                      ; - sun.nio.cs.StreamEncoder::writeBytes@127 (line 309)
                      ; - sun.nio.cs.StreamEncoder::implFlushBuffer@11 (line 405)
                      ; - sun.nio.cs.StreamEncoder::lockedFlushBuffer@8 (line 123)
                      ; - sun.nio.cs.StreamEncoder::flushBuffer@22 (line 110)
  0x00000261a5f62568: 14c9 72ff 

  0x00000261a5f6256c: ;   {other}
  0x00000261a5f6256c: 0f1f 8400 | dc10 000d | e94f f7ff | ff44 894b | 10f0 8344 | 24c0 00e9 | 3bf5 ffff | 4c89 5424 
  0x00000261a5f6258c: 5048 8954 | 2428 4c89 | 5c24 3848 | 8944 24f8 | 8b44 2468 | 8944 2420 | 488b 4424 | f841 8be8 
  0x00000261a5f625ac: 498b d290 

  0x00000261a5f625b0: ;   {optimized virtual_call}
  0x00000261a5f625b0: c5f8 77e8 

  0x00000261a5f625b4: ; ImmutableOopMap {[40]=Oop [48]=Oop [56]=Oop [72]=Oop [80]=Oop [96]=Oop }
                      ;*invokevirtual flushBuffer {reexecute=0 rethrow=0 return_oop=0}
                      ; - java.io.BufferedOutputStream::implWrite@9 (line 216)
                      ; - java.io.BufferedOutputStream::write@18 (line 200)
                      ; - java.io.PrintStream::implWrite@11 (line 643)
                      ; - java.io.PrintStream::write@18 (line 623)
                      ; - sun.nio.cs.StreamEncoder::writeBytes@127 (line 309)
                      ; - sun.nio.cs.StreamEncoder::implFlushBuffer@11 (line 405)
                      ; - sun.nio.cs.StreamEncoder::lockedFlushBuffer@8 (line 123)
                      ; - sun.nio.cs.StreamEncoder::flushBuffer@22 (line 110)
  0x00000261a5f625b4: c8c8 72ff 

  0x00000261a5f625b8: ;   {other}
  0x00000261a5f625b8: 0f1f 8400 | 2811 000e | 4c8b 5424 | 5045 8b5a | 1049 8bd3 | 4c8b 4424 | 2844 8b4c | 2420 8bfd 
  0x00000261a5f625d8: 6690 c5f8 | 7748 b8ff | ffff ffff 

  0x00000261a5f625e4: ;   {virtual_call}
  0x00000261a5f625e4: ffff ffe8 

  0x00000261a5f625e8: ; ImmutableOopMap {[48]=Oop [56]=Oop [72]=Oop [80]=Oop [96]=Oop }
                      ;*invokevirtual write {reexecute=0 rethrow=0 return_oop=0}
                      ; - java.io.BufferedOutputStream::implWrite@19 (line 217)
                      ; - java.io.BufferedOutputStream::write@18 (line 200)
                      ; - java.io.PrintStream::implWrite@11 (line 643)
                      ; - java.io.PrintStream::write@18 (line 623)
                      ; - sun.nio.cs.StreamEncoder::writeBytes@127 (line 309)
                      ; - sun.nio.cs.StreamEncoder::implFlushBuffer@11 (line 405)
                      ; - sun.nio.cs.StreamEncoder::lockedFlushBuffer@8 (line 123)
                      ; - sun.nio.cs.StreamEncoder::flushBuffer@22 (line 110)
  0x00000261a5f625e8: 94cd 72ff 

  0x00000261a5f625ec: ;   {other}
  0x00000261a5f625ec: 0f1f 8400 | 5c11 000f | 488b 7c24 | 50e9 52f6 | ffff 4d8b 

  0x00000261a5f62600: ;   {metadata('java/io/IOException')}
  0x00000261a5f62600: 5b48 49b8 | 284a 05b3 | 6102 0000 | 4d3b d80f | 85a5 0000 | 0041 c642 | 0e01 e9a9 | f6ff ff45 
  0x00000261a5f62620: 8b58 1445 | 85db 0f84 | 05ff ffff | 458b 430c | 4585 c00f | 84f8 feff | ff41 8b43 | 0c44 8bc8 
  0x00000261a5f62640: 4183 e1fe | f045 0fb1 | 4b0c 400f | 94c5 400f | b6ed 85ed | 0f84 6a07 | 0000 418b | 6b18 85ed 
  0x00000261a5f62660: 0f84 cbfe | ffff 448b | 4508 49bb | 0000 00b2 | 6102 0000 | 4d03 d84d 

  0x00000261a5f62678: ;   {metadata('java/lang/BaseVirtualThread')}
  0x00000261a5f62678: 8b5b 4049 | b800 9802 | b261 0200 | 004d 3bd8 | 0f84 1207 | 0000 4c89 | 5424 284c 

  0x00000261a5f62694: ;   {oop(a 'jdk/internal/misc/Unsafe'{0x00000000834008d8})}
  0x00000261a5f62694: 8bc5 48ba | d808 4083 | 0000 0000 

  0x00000261a5f626a0: ;   {optimized virtual_call}
  0x00000261a5f626a0: c5f8 77e8 

  0x00000261a5f626a4: ; ImmutableOopMap {[40]=Oop [48]=Oop [72]=Oop [80]=Oop [96]=Oop }
                      ;*invokevirtual unpark {reexecute=0 rethrow=0 return_oop=0}
                      ; - java.util.concurrent.locks.LockSupport::unpark@22 (line 181)
                      ; - java.util.concurrent.locks.AbstractQueuedSynchronizer::signalNext@30 (line 645)
                      ; - java.util.concurrent.locks.AbstractQueuedSynchronizer::release@12 (line 1060)
                      ; - java.util.concurrent.locks.ReentrantLock::unlock@5 (line 494)
                      ; - jdk.internal.misc.InternalLock::unlock@4 (line 78)
                      ; - java.io.PrintStream::write@37 (line 625)
                      ; - sun.nio.cs.StreamEncoder::writeBytes@127 (line 309)
                      ; - sun.nio.cs.StreamEncoder::implFlushBuffer@11 (line 405)
                      ; - sun.nio.cs.StreamEncoder::lockedFlushBuffer@8 (line 123)
                      ; - sun.nio.cs.StreamEncoder::flushBuffer@22 (line 110)
  0x00000261a5f626a4: d8c7 72ff 

  0x00000261a5f626a8: ;   {other}
  0x00000261a5f626a8: 0f1f 8400 | 1812 0010 | 4c8b 5424 | 28e9 77fe | ffff 488b | 4424 5048 | 8be8 e966 | fcff ffba 
  0x00000261a5f626c8: f6ff ffff | 488b 6c24 | 4848 897c | 2420 6690 

  0x00000261a5f626d8: ;   {runtime_call UncommonTrapBlob}
  0x00000261a5f626d8: c5f8 77e8 

  0x00000261a5f626dc: ; ImmutableOopMap {rbp=Oop [32]=Oop }
                      ;*invokevirtual lock {reexecute=0 rethrow=0 return_oop=0}
                      ; - java.util.concurrent.locks.ReentrantLock::lock@4 (line 322)
                      ; - jdk.internal.misc.InternalLock::lock@4 (line 74)
                      ; - sun.nio.cs.StreamEncoder::flushBuffer@18 (line 108)
  0x00000261a5f626dc: 2056 73ff 

  0x00000261a5f626e0: ;   {other}
  0x00000261a5f626e0: 0f1f 8400 | 5012 0011 | baf6 ffff | ff48 8b6c | 2448 4889 | 7c24 204c | 895c 2428 | 4489 7424 
  0x00000261a5f62700: 3044 8944 | 2438 6690 

  0x00000261a5f62708: ;   {runtime_call UncommonTrapBlob}
  0x00000261a5f62708: c5f8 77e8 

  0x00000261a5f6270c: ; ImmutableOopMap {rbp=Oop [32]=Oop [40]=Oop [48]=NarrowOop }
                      ;*invokevirtual lock {reexecute=0 rethrow=0 return_oop=0}
                      ; - java.util.concurrent.locks.ReentrantLock::lock@4 (line 322)
                      ; - jdk.internal.misc.InternalLock::lock@4 (line 74)
                      ; - java.io.PrintStream::write@11 (line 621)
                      ; - sun.nio.cs.StreamEncoder::writeBytes@127 (line 309)
                      ; - sun.nio.cs.StreamEncoder::implFlushBuffer@11 (line 405)
                      ; - sun.nio.cs.StreamEncoder::lockedFlushBuffer@8 (line 123)
                      ; - sun.nio.cs.StreamEncoder::flushBuffer@22 (line 110)
  0x00000261a5f6270c: f055 73ff 

  0x00000261a5f62710: ;   {other}
  0x00000261a5f62710: 0f1f 8400 | 8012 0012 | baf6 ffff | ff48 8b6c | 2448 4889 | 7c24 204c | 895c 2430 | 4c89 5424 
  0x00000261a5f62730: 3844 8974 | 2440 4489 | 4424 4890 

  0x00000261a5f6273c: ;   {runtime_call UncommonTrapBlob}
  0x00000261a5f6273c: c5f8 77e8 

  0x00000261a5f62740: ; ImmutableOopMap {rbp=Oop [32]=Oop [48]=Oop [56]=Oop [64]=NarrowOop }
                      ;*invokevirtual lock {reexecute=0 rethrow=0 return_oop=0}
                      ; - java.util.concurrent.locks.ReentrantLock::lock@4 (line 322)
                      ; - jdk.internal.misc.InternalLock::lock@4 (line 74)
                      ; - java.io.BufferedOutputStream::write@11 (line 198)
                      ; - java.io.PrintStream::implWrite@11 (line 643)
                      ; - java.io.PrintStream::write@18 (line 623)
                      ; - sun.nio.cs.StreamEncoder::writeBytes@127 (line 309)
                      ; - sun.nio.cs.StreamEncoder::implFlushBuffer@11 (line 405)
                      ; - sun.nio.cs.StreamEncoder::lockedFlushBuffer@8 (line 123)
                      ; - sun.nio.cs.StreamEncoder::flushBuffer@22 (line 110)
  0x00000261a5f62740: bc55 73ff 

  0x00000261a5f62744: ;   {other}
  0x00000261a5f62744: 0f1f 8400 | b412 0013 | baf6 ffff | ff4c 8b54 | 2430 4c89 | 5424 2090 

  0x00000261a5f6275c: ;   {runtime_call UncommonTrapBlob}
  0x00000261a5f6275c: c5f8 77e8 

  0x00000261a5f62760: ; ImmutableOopMap {[32]=Oop [56]=Oop [72]=Oop }
                      ;*invokevirtual unlock {reexecute=0 rethrow=0 return_oop=0}
                      ; - java.io.BufferedOutputStream::write@25 (line 202)
                      ; - java.io.PrintStream::implWrite@11 (line 643)
                      ; - java.io.PrintStream::write@18 (line 623)
                      ; - sun.nio.cs.StreamEncoder::writeBytes@127 (line 309)
                      ; - sun.nio.cs.StreamEncoder::implFlushBuffer@11 (line 405)
                      ; - sun.nio.cs.StreamEncoder::lockedFlushBuffer@8 (line 123)
                      ; - sun.nio.cs.StreamEncoder::flushBuffer@22 (line 110)
  0x00000261a5f62760: 9c55 73ff 

  0x00000261a5f62764: ;   {other}
  0x00000261a5f62764: 0f1f 8400 | d412 0014 | baf6 ffff | ff4c 895c | 2428 6690 

  0x00000261a5f62778: ;   {runtime_call UncommonTrapBlob}
  0x00000261a5f62778: c5f8 77e8 

  0x00000261a5f6277c: ; ImmutableOopMap {[40]=Oop [48]=Oop [72]=Oop }
                      ;*invokevirtual unlock {reexecute=0 rethrow=0 return_oop=0}
                      ; - java.io.PrintStream::write@25 (line 625)
                      ; - sun.nio.cs.StreamEncoder::writeBytes@127 (line 309)
                      ; - sun.nio.cs.StreamEncoder::implFlushBuffer@11 (line 405)
                      ; - sun.nio.cs.StreamEncoder::lockedFlushBuffer@8 (line 123)
                      ; - sun.nio.cs.StreamEncoder::flushBuffer@22 (line 110)
  0x00000261a5f6277c: 8055 73ff 

  0x00000261a5f62780: ;   {other}
  0x00000261a5f62780: 0f1f 8400 | f012 0015 | bade ffff | ff48 8b6c | 2448 4889 | 7c24 2089 | 4c24 2890 

  0x00000261a5f6279c: ;   {runtime_call UncommonTrapBlob}
  0x00000261a5f6279c: c5f8 77e8 

  0x00000261a5f627a0: ; ImmutableOopMap {rbp=Oop [32]=Oop [40]=NarrowOop }
                      ;*invokevirtual flip {reexecute=0 rethrow=0 return_oop=0}
                      ; - sun.nio.cs.StreamEncoder::writeBytes@4 (line 298)
                      ; - sun.nio.cs.StreamEncoder::implFlushBuffer@11 (line 405)
                      ; - sun.nio.cs.StreamEncoder::lockedFlushBuffer@8 (line 123)
                      ; - sun.nio.cs.StreamEncoder::flushBuffer@22 (line 110)
  0x00000261a5f627a0: 5c55 73ff 

  0x00000261a5f627a4: ;   {other}
  0x00000261a5f627a4: 0f1f 8400 | 1413 0016 | bade ffff | ff48 8b6c | 2448 4889 | 7c24 2044 | 8954 2428 | 4489 7424 
  0x00000261a5f627c4: 2c44 8944 | 2434 6690 

  0x00000261a5f627cc: ;   {runtime_call UncommonTrapBlob}
  0x00000261a5f627cc: c5f8 77e8 

  0x00000261a5f627d0: ; ImmutableOopMap {rbp=Oop [32]=Oop [40]=NarrowOop [44]=NarrowOop }
                      ;*invokevirtual write {reexecute=0 rethrow=0 return_oop=0}
                      ; - sun.nio.cs.StreamEncoder::writeBytes@127 (line 309)
                      ; - sun.nio.cs.StreamEncoder::implFlushBuffer@11 (line 405)
                      ; - sun.nio.cs.StreamEncoder::lockedFlushBuffer@8 (line 123)
                      ; - sun.nio.cs.StreamEncoder::flushBuffer@22 (line 110)
  0x00000261a5f627d0: 2c55 73ff 

  0x00000261a5f627d4: ;   {other}
  0x00000261a5f627d4: 0f1f 8400 | 4413 0017 | bade ffff | ff4c 8b54 | 2448 4c89 | 5424 2048 | 897c 2428 | 4c89 5c24 
  0x00000261a5f627f4: 3844 8974 | 2440 4489 | 4424 4890 

  0x00000261a5f62800: ;   {runtime_call UncommonTrapBlob}
  0x00000261a5f62800: c5f8 77e8 

  0x00000261a5f62804: ; ImmutableOopMap {rbp=NarrowOop [32]=Oop [40]=Oop [56]=Oop [64]=NarrowOop }
                      ;*invokevirtual write {reexecute=0 rethrow=0 return_oop=0}
                      ; - java.io.PrintStream::implWrite@11 (line 643)
                      ; - java.io.PrintStream::write@18 (line 623)
                      ; - sun.nio.cs.StreamEncoder::writeBytes@127 (line 309)
                      ; - sun.nio.cs.StreamEncoder::implFlushBuffer@11 (line 405)
                      ; - sun.nio.cs.StreamEncoder::lockedFlushBuffer@8 (line 123)
                      ; - sun.nio.cs.StreamEncoder::flushBuffer@22 (line 110)
  0x00000261a5f62804: f854 73ff 

  0x00000261a5f62808: ;   {other}
  0x00000261a5f62808: 0f1f 8400 | 7813 0018 | bade ffff | ff66 6690 

  0x00000261a5f62818: ;   {runtime_call UncommonTrapBlob}
  0x00000261a5f62818: c5f8 77e8 

  0x00000261a5f6281c: ; ImmutableOopMap {rbp=NarrowOop [48]=Oop }
                      ;*invokevirtual clear {reexecute=0 rethrow=0 return_oop=0}
                      ; - sun.nio.cs.StreamEncoder::writeBytes@134 (line 312)
                      ; - sun.nio.cs.StreamEncoder::implFlushBuffer@11 (line 405)
                      ; - sun.nio.cs.StreamEncoder::lockedFlushBuffer@8 (line 123)
                      ; - sun.nio.cs.StreamEncoder::flushBuffer@22 (line 110)
  0x00000261a5f6281c: e054 73ff 

  0x00000261a5f62820: ;   {other}
  0x00000261a5f62820: 0f1f 8400 | 9013 0019 | bade ffff | ff4c 8b4c | 2448 4c89 | 4c24 204c | 8b4c 2430 | 4c89 4c24 
  0x00000261a5f62840: 284c 895c | 2438 4c89 | 5424 4844 | 8974 2450 | 4889 4424 | f88b 4424 | 6889 4424 | 5448 8b44 
  0x00000261a5f62860: 24f8 4489 | 4424 584c | 8954 2460 | 897c 245c | 895c 2468 

  0x00000261a5f62874: ;   {runtime_call UncommonTrapBlob}
  0x00000261a5f62874: c5f8 77e8 

  0x00000261a5f62878: ; ImmutableOopMap {rbp=NarrowOop [32]=Oop [40]=Oop [56]=Oop [72]=Oop [80]=NarrowOop [92]=NarrowOop [96]=Oop }
                      ;*invokevirtual write {reexecute=0 rethrow=0 return_oop=0}
                      ; - java.io.BufferedOutputStream::flushBuffer@20 (line 125)
                      ; - java.io.BufferedOutputStream::implWrite@43 (line 222)
                      ; - java.io.BufferedOutputStream::write@18 (line 200)
                      ; - java.io.PrintStream::implWrite@11 (line 643)
                      ; - java.io.PrintStream::write@18 (line 623)
                      ; - sun.nio.cs.StreamEncoder::writeBytes@127 (line 309)
                      ; - sun.nio.cs.StreamEncoder::implFlushBuffer@11 (line 405)
                      ; - sun.nio.cs.StreamEncoder::lockedFlushBuffer@8 (line 123)
                      ; - sun.nio.cs.StreamEncoder::flushBuffer@22 (line 110)
  0x00000261a5f62878: 8454 73ff 

  0x00000261a5f6287c: ;   {other}
  0x00000261a5f6287c: 0f1f 8400 | ec13 001a | bacc ffff | ff4c 8b5c | 2448 4c89 | 5c24 2090 

  0x00000261a5f62894: ;   {runtime_call UncommonTrapBlob}
  0x00000261a5f62894: c5f8 77e8 

  0x00000261a5f62898: ; ImmutableOopMap {rbp=NarrowOop [32]=Oop [44]=NarrowOop [48]=Oop [56]=Oop [80]=Oop }
                      ;*invokestatic arraycopy {reexecute=0 rethrow=0 return_oop=0}
                      ; - java.io.BufferedOutputStream::implWrite@57 (line 224)
                      ; - java.io.BufferedOutputStream::write@18 (line 200)
                      ; - java.io.PrintStream::implWrite@11 (line 643)
                      ; - java.io.PrintStream::write@18 (line 623)
                      ; - sun.nio.cs.StreamEncoder::writeBytes@127 (line 309)
                      ; - sun.nio.cs.StreamEncoder::implFlushBuffer@11 (line 405)
                      ; - sun.nio.cs.StreamEncoder::lockedFlushBuffer@8 (line 123)
                      ; - sun.nio.cs.StreamEncoder::flushBuffer@22 (line 110)
  0x00000261a5f62898: 6454 73ff 

  0x00000261a5f6289c: ;   {other}
  0x00000261a5f6289c: 0f1f 8400 | 0c14 001b | ba45 ffff | ff4c 8b4c | 2448 4c89 | 4c24 204c | 8b4c 2430 | 4c89 4c24 
  0x00000261a5f628bc: 284c 895c | 2438 4c89 | 5424 4844 | 8974 2450 | 4889 4424 | f88b 4424 | 6889 4424 | 5448 8b44 
  0x00000261a5f628dc: 24f8 4489 | 4424 584c | 8954 2460 | 4889 4c24 | 6889 7c24 | 5c89 5c24 | 7089 7424 | 7466 6690 
  0x00000261a5f628fc: ;   {runtime_call UncommonTrapBlob}
  0x00000261a5f628fc: c5f8 77e8 

  0x00000261a5f62900: ; ImmutableOopMap {rbp=Oop [32]=Oop [40]=Oop [56]=Oop [72]=Oop [80]=NarrowOop [92]=NarrowOop [96]=Oop [104]=Oop }
                      ;*ifeq {reexecute=1 rethrow=0 return_oop=0}
                      ; - (reexecute) jdk.internal.misc.Blocker::begin@14 (line 70)
                      ; - java.io.FileOutputStream::write@14 (line 365)
                      ; - java.io.BufferedOutputStream::flushBuffer@20 (line 125)
                      ; - java.io.BufferedOutputStream::implWrite@43 (line 222)
                      ; - java.io.BufferedOutputStream::write@18 (line 200)
                      ; - java.io.PrintStream::implWrite@11 (line 643)
                      ; - java.io.PrintStream::write@18 (line 623)
                      ; - sun.nio.cs.StreamEncoder::writeBytes@127 (line 309)
                      ; - sun.nio.cs.StreamEncoder::implFlushBuffer@11 (line 405)
                      ; - sun.nio.cs.StreamEncoder::lockedFlushBuffer@8 (line 123)
                      ; - sun.nio.cs.StreamEncoder::flushBuffer@22 (line 110)
  0x00000261a5f62900: fc53 73ff 

  0x00000261a5f62904: ;   {other}
  0x00000261a5f62904: 0f1f 8400 | 7414 001c | ba45 ffff | ff48 897c | 2428 6690 

  0x00000261a5f62918: ;   {runtime_call UncommonTrapBlob}
  0x00000261a5f62918: c5f8 77e8 

  0x00000261a5f6291c: ; ImmutableOopMap {[40]=Oop [72]=Oop }
                      ;*ifne {reexecute=1 rethrow=0 return_oop=0}
                      ; - (reexecute) sun.nio.cs.StreamEncoder::isOpen@4 (line 244)
                      ; - sun.nio.cs.StreamEncoder::lockedFlushBuffer@1 (line 122)
                      ; - sun.nio.cs.StreamEncoder::flushBuffer@22 (line 110)
  0x00000261a5f6291c: e053 73ff 

  0x00000261a5f62920: ;   {other}
  0x00000261a5f62920: 0f1f 8400 | 9014 001d | ba45 ffff | ff48 8b6c | 2448 4889 | 7c24 2044 | 8944 242c 

  0x00000261a5f6293c: ;   {runtime_call UncommonTrapBlob}
  0x00000261a5f6293c: c5f8 77e8 

  0x00000261a5f62940: ; ImmutableOopMap {rbp=Oop [32]=Oop }
                      ;*if_icmpgt {reexecute=1 rethrow=0 return_oop=0}
                      ; - (reexecute) sun.nio.cs.StreamEncoder::writeBytes@45 (line 302)
                      ; - sun.nio.cs.StreamEncoder::implFlushBuffer@11 (line 405)
                      ; - sun.nio.cs.StreamEncoder::lockedFlushBuffer@8 (line 123)
                      ; - sun.nio.cs.StreamEncoder::flushBuffer@22 (line 110)
  0x00000261a5f62940: bc53 73ff 

  0x00000261a5f62944: ;   {other}
  0x00000261a5f62944: 0f1f 8400 | b414 001e | ba45 ffff | ff48 8b6c | 2448 4889 | 7c24 2044 | 8944 2428 

  0x00000261a5f62960: ;   {runtime_call UncommonTrapBlob}
  0x00000261a5f62960: c5f8 77e8 

  0x00000261a5f62964: ; ImmutableOopMap {rbp=Oop [32]=Oop }
                      ;*ifle {reexecute=1 rethrow=0 return_oop=0}
                      ; - (reexecute) sun.nio.cs.StreamEncoder::writeBytes@57 (line 304)
                      ; - sun.nio.cs.StreamEncoder::implFlushBuffer@11 (line 405)
                      ; - sun.nio.cs.StreamEncoder::lockedFlushBuffer@8 (line 123)
                      ; - sun.nio.cs.StreamEncoder::flushBuffer@22 (line 110)
  0x00000261a5f62964: 9853 73ff 

  0x00000261a5f62968: ;   {other}
  0x00000261a5f62968: 0f1f 8400 | d814 001f | ba45 ffff | ff48 8b4c | 2448 4889 | 4c24 2048 | 8b4c 2430 | 4889 4c24 
  0x00000261a5f62988: 284c 895c | 2438 4c89 | 5424 4844 | 8974 2450 | 4489 4424 | 5844 894c | 245c 6690 

  0x00000261a5f629a4: ;   {runtime_call UncommonTrapBlob}
  0x00000261a5f629a4: c5f8 77e8 

  0x00000261a5f629a8: ; ImmutableOopMap {[32]=Oop [40]=Oop [56]=Oop [72]=Oop [80]=NarrowOop }
                      ;*if_icmple {reexecute=1 rethrow=0 return_oop=0}
                      ; - (reexecute) java.io.BufferedOutputStream::growIfNeeded@24 (line 142)
                      ; - java.io.BufferedOutputStream::implWrite@25 (line 220)
                      ; - java.io.BufferedOutputStream::write@18 (line 200)
                      ; - java.io.PrintStream::implWrite@11 (line 643)
                      ; - java.io.PrintStream::write@18 (line 623)
                      ; - sun.nio.cs.StreamEncoder::writeBytes@127 (line 309)
                      ; - sun.nio.cs.StreamEncoder::implFlushBuffer@11 (line 405)
                      ; - sun.nio.cs.StreamEncoder::lockedFlushBuffer@8 (line 123)
                      ; - sun.nio.cs.StreamEncoder::flushBuffer@22 (line 110)
  0x00000261a5f629a8: 5453 73ff 

  0x00000261a5f629ac: ;   {other}
  0x00000261a5f629ac: 0f1f 8400 | 1c15 0020 | ba45 ffff | ff4c 8b4c | 2448 4c89 | 4c24 204c | 8b4c 2430 | 4c89 4c24 
  0x00000261a5f629cc: 284c 895c | 2438 4c89 | 5424 4844 | 8974 2450 | 4489 4424 | 5c66 6690 

  0x00000261a5f629e4: ;   {runtime_call UncommonTrapBlob}
  0x00000261a5f629e4: c5f8 77e8 

  0x00000261a5f629e8: ; ImmutableOopMap {[32]=Oop [40]=Oop [56]=Oop [72]=Oop [80]=NarrowOop }
                      ;*if_icmple {reexecute=1 rethrow=0 return_oop=0}
                      ; - (reexecute) java.io.BufferedOutputStream::implWrite@39 (line 221)
                      ; - java.io.BufferedOutputStream::write@18 (line 200)
                      ; - java.io.PrintStream::implWrite@11 (line 643)
                      ; - java.io.PrintStream::write@18 (line 623)
                      ; - sun.nio.cs.StreamEncoder::writeBytes@127 (line 309)
                      ; - sun.nio.cs.StreamEncoder::implFlushBuffer@11 (line 405)
                      ; - sun.nio.cs.StreamEncoder::lockedFlushBuffer@8 (line 123)
                      ; - sun.nio.cs.StreamEncoder::flushBuffer@22 (line 110)
  0x00000261a5f629e8: 1453 73ff 

  0x00000261a5f629ec: ;   {other}
  0x00000261a5f629ec: 0f1f 8400 | 5c15 0021 | ba45 ffff | ff48 8b6c | 2448 4c8b | 4c24 304c | 894c 2420 | 4c89 5c24 
  0x00000261a5f62a0c: 304c 8954 | 2440 4489 | 7424 4844 | 8944 2450 | 895c 2454 

  0x00000261a5f62a20: ;   {runtime_call UncommonTrapBlob}
  0x00000261a5f62a20: c5f8 77e8 

  0x00000261a5f62a24: ; ImmutableOopMap {rbp=Oop [32]=Oop [48]=Oop [64]=Oop [72]=NarrowOop }
                      ;*ifle {reexecute=1 rethrow=0 return_oop=0}
                      ; - (reexecute) java.io.BufferedOutputStream::flushBuffer@4 (line 124)
                      ; - java.io.BufferedOutputStream::implWrite@43 (line 222)
                      ; - java.io.BufferedOutputStream::write@18 (line 200)
                      ; - java.io.PrintStream::implWrite@11 (line 643)
                      ; - java.io.PrintStream::write@18 (line 623)
                      ; - sun.nio.cs.StreamEncoder::writeBytes@127 (line 309)
                      ; - sun.nio.cs.StreamEncoder::implFlushBuffer@11 (line 405)
                      ; - sun.nio.cs.StreamEncoder::lockedFlushBuffer@8 (line 123)
                      ; - sun.nio.cs.StreamEncoder::flushBuffer@22 (line 110)
  0x00000261a5f62a24: d852 73ff 

  0x00000261a5f62a28: ;   {other}
  0x00000261a5f62a28: 0f1f 8400 | 9815 0022 | 498b d7c5 | f877 49ba | e002 d189 | f97f 0000 

  0x00000261a5f62a40: ;   {other}
  0x00000261a5f62a40: 41ff d20f | 1f84 0000 | 0000 00e9 | e1f2 ffff | 498b d7c5 | f877 49ba | e002 d189 | f97f 0000 
  0x00000261a5f62a60: ;   {other}
  0x00000261a5f62a60: 41ff d20f | 1f84 0000 | 0000 00e9 | 7fee ffff | 498b d7c5 | f877 49ba | e002 d189 | f97f 0000 
  0x00000261a5f62a80: ;   {other}
  0x00000261a5f62a80: 41ff d20f | 1f84 0000 | 0000 00e9 | 95f5 ffff | 4889 7c24 | 584c 8954 | 2450 4889 | 5424 404c 
  0x00000261a5f62aa0: 895c 2438 | 4889 4424 | f88b 4424 | 6889 4424 | 2848 8b44 | 24f8 4489 | 6c24 2444 | 8974 2420 
  0x00000261a5f62ac0: 458b f044 | 8bee 488b | 6c24 6048 | 8b74 2430 | 488b 7c24 | 4849 8bd7 | c5f8 7749 | bae0 02d1 
  0x00000261a5f62ae0: 89f9 7f00 | 0041 ffd2 

  0x00000261a5f62ae8: ;   {other}
  0x00000261a5f62ae8: 0f1f 8400 | 0000 0000 | e91e f6ff | ffba 45ff | ffff 4889 | 7c24 2844 | 8944 2430 

  0x00000261a5f62b04: ;   {runtime_call UncommonTrapBlob}
  0x00000261a5f62b04: c5f8 77e8 

  0x00000261a5f62b08: ; ImmutableOopMap {rbp=NarrowOop [40]=Oop [72]=Oop }
                      ;*ifnull {reexecute=1 rethrow=0 return_oop=0}
                      ; - (reexecute) sun.nio.cs.StreamEncoder::writeBytes@64 (line 305)
                      ; - sun.nio.cs.StreamEncoder::implFlushBuffer@11 (line 405)
                      ; - sun.nio.cs.StreamEncoder::lockedFlushBuffer@8 (line 123)
                      ; - sun.nio.cs.StreamEncoder::flushBuffer@22 (line 110)
  0x00000261a5f62b08: f451 73ff 

  0x00000261a5f62b0c: ;   {other}
  0x00000261a5f62b0c: 0f1f 8400 | 7c16 0023 | ba45 ffff | ff48 897c | 2428 4489 | 4424 3044 | 8954 2434 

  0x00000261a5f62b28: ;   {runtime_call UncommonTrapBlob}
  0x00000261a5f62b28: c5f8 77e8 

  0x00000261a5f62b2c: ; ImmutableOopMap {[40]=Oop [52]=NarrowOop [72]=Oop }
                      ;*ifeq {reexecute=1 rethrow=0 return_oop=0}
                      ; - (reexecute) java.nio.ByteBuffer::array@19 (line 1506)
                      ; - sun.nio.cs.StreamEncoder::writeBytes@114 (line 309)
                      ; - sun.nio.cs.StreamEncoder::implFlushBuffer@11 (line 405)
                      ; - sun.nio.cs.StreamEncoder::lockedFlushBuffer@8 (line 123)
                      ; - sun.nio.cs.StreamEncoder::flushBuffer@22 (line 110)
  0x00000261a5f62b2c: d051 73ff 

  0x00000261a5f62b30: ;   {other}
  0x00000261a5f62b30: 0f1f 8400 | a016 0024 | ba45 ffff | ff89 5c24 | 2066 6690 

  0x00000261a5f62b44: ;   {runtime_call UncommonTrapBlob}
  0x00000261a5f62b44: c5f8 77e8 

  0x00000261a5f62b48: ; ImmutableOopMap {rbp=NarrowOop [32]=NarrowOop [96]=Oop }
                      ;*if_acmpeq {reexecute=1 rethrow=0 return_oop=0}
                      ; - (reexecute) java.util.concurrent.locks.ReentrantLock$Sync::tryRelease@14 (line 174)
                      ; - java.util.concurrent.locks.AbstractQueuedSynchronizer::release@2 (line 1059)
                      ; - java.util.concurrent.locks.ReentrantLock::unlock@5 (line 494)
                      ; - jdk.internal.misc.InternalLock::unlock@4 (line 78)
                      ; - sun.nio.cs.StreamEncoder::flushBuffer@26 (line 112)
  0x00000261a5f62b48: b451 73ff 

  0x00000261a5f62b4c: ;   {other}
  0x00000261a5f62b4c: 0f1f 8400 | bc16 0025 | ba45 ffff | ff48 8b6c | 2448 488b | 4c24 3048 | 894c 2420 | 4c89 5c24 
  0x00000261a5f62b6c: 304c 8954 | 2440 4489 | 7424 4844 | 8944 2450 | 4c89 5424 | 5844 894c | 2460 6690 

  0x00000261a5f62b88: ;   {runtime_call UncommonTrapBlob}
  0x00000261a5f62b88: c5f8 77e8 

  0x00000261a5f62b8c: ; ImmutableOopMap {rbp=Oop [32]=Oop [48]=Oop [64]=Oop [72]=NarrowOop [88]=Oop }
                      ;*ifge {reexecute=1 rethrow=0 return_oop=0}
                      ; - (reexecute) java.io.BufferedOutputStream::growIfNeeded@10 (line 139)
                      ; - java.io.BufferedOutputStream::implWrite@25 (line 220)
                      ; - java.io.BufferedOutputStream::write@18 (line 200)
                      ; - java.io.PrintStream::implWrite@11 (line 643)
                      ; - java.io.PrintStream::write@18 (line 623)
                      ; - sun.nio.cs.StreamEncoder::writeBytes@127 (line 309)
                      ; - sun.nio.cs.StreamEncoder::implFlushBuffer@11 (line 405)
                      ; - sun.nio.cs.StreamEncoder::lockedFlushBuffer@8 (line 123)
                      ; - sun.nio.cs.StreamEncoder::flushBuffer@22 (line 110)
  0x00000261a5f62b8c: 7051 73ff 

  0x00000261a5f62b90: ;   {other}
  0x00000261a5f62b90: 0f1f 8400 | 0017 0026 | ba45 ffff | ff48 8b4c | 2448 4889 | 4c24 2048 | 8b4c 2430 | 4889 4c24 
  0x00000261a5f62bb0: 284c 895c | 2438 4c89 | 5424 4844 | 8974 2450 | 4889 4424 | f88b 4424 | 6889 4424 | 5448 8b44 
  0x00000261a5f62bd0: 24f8 4489 | 4424 584c | 8954 2460 | 4489 4c24 | 5c89 7424 | 6866 6690 

  0x00000261a5f62be8: ;   {runtime_call UncommonTrapBlob}
  0x00000261a5f62be8: c5f8 77e8 

  0x00000261a5f62bec: ; ImmutableOopMap {[32]=Oop [40]=Oop [56]=Oop [72]=Oop [80]=NarrowOop [96]=Oop }
                      ;*if_icmpge {reexecute=1 rethrow=0 return_oop=0}
                      ; - (reexecute) java.io.BufferedOutputStream::growIfNeeded@32 (line 142)
                      ; - java.io.BufferedOutputStream::implWrite@25 (line 220)
                      ; - java.io.BufferedOutputStream::write@18 (line 200)
                      ; - java.io.PrintStream::implWrite@11 (line 643)
                      ; - java.io.PrintStream::write@18 (line 623)
                      ; - sun.nio.cs.StreamEncoder::writeBytes@127 (line 309)
                      ; - sun.nio.cs.StreamEncoder::implFlushBuffer@11 (line 405)
                      ; - sun.nio.cs.StreamEncoder::lockedFlushBuffer@8 (line 123)
                      ; - sun.nio.cs.StreamEncoder::flushBuffer@22 (line 110)
  0x00000261a5f62bec: 1051 73ff 

  0x00000261a5f62bf0: ;   {other}
  0x00000261a5f62bf0: 0f1f 8400 | 6017 0027 | 458b 430c | 4585 c00f | 8404 f9ff | ff4d 8b4f | 2849 8bc8 | 4d85 c90f 
  0x00000261a5f62c10: 8427 0100 | 004d 8b47 | 384b 894c | 08f8 4983 | c1f8 4d89 | 4f28 e9de | f8ff ff45 | 33c9 e9e0 
  0x00000261a5f62c30: ;   {metadata('java/lang/Error')}
  0x00000261a5f62c30: f8ff ff48 | bac8 0701 | b261 0200 | 0048 8b6c | 2448 4889 | 7c24 304c | 896c 2438 

  0x00000261a5f62c4c: ;   {runtime_call _new_instance_Java}
  0x00000261a5f62c4c: c5f8 77e8 

  0x00000261a5f62c50: ; ImmutableOopMap {rbp=Oop [48]=Oop [56]=Oop [72]=Oop }
                      ;*new {reexecute=0 rethrow=0 return_oop=1}
                      ; - java.util.concurrent.locks.ReentrantLock$NonfairSync::initialTryLock@39 (line 231)
                      ; - java.util.concurrent.locks.ReentrantLock$Sync::lock@1 (line 152)
                      ; - java.util.concurrent.locks.ReentrantLock::lock@4 (line 322)
                      ; - jdk.internal.misc.InternalLock::lock@4 (line 74)
                      ; - sun.nio.cs.StreamEncoder::flushBuffer@18 (line 108)
  0x00000261a5f62c50: acdf 80ff 

  0x00000261a5f62c54: ;   {other}
  0x00000261a5f62c54: 0f1f 8400 | c417 0028 | 488b 7c24 | 304c 8b6c | 2438 e954 | f7ff ff48 | 894c 2438 | 4889 5424 
  0x00000261a5f62c74: 284c 895c | 2440 4889 | 4424 f88b | 4424 6889 | 4424 2448 | 8b44 24f8 | 4489 4424 | 2049 8be9 
  0x00000261a5f62c94: 4889 7c24 

  0x00000261a5f62c98: ;   {metadata('java/lang/Error')}
  0x00000261a5f62c98: 3048 bac8 | 0701 b261 | 0200 0090 

  0x00000261a5f62ca4: ;   {runtime_call _new_instance_Java}
  0x00000261a5f62ca4: c5f8 77e8 

  0x00000261a5f62ca8: ; ImmutableOopMap {rbp=Oop [40]=Oop [48]=Oop [56]=Oop [64]=Oop [72]=Oop }
                      ;*new {reexecute=0 rethrow=0 return_oop=1}
                      ; - java.util.concurrent.locks.ReentrantLock$NonfairSync::initialTryLock@39 (line 231)
                      ; - java.util.concurrent.locks.ReentrantLock$Sync::lock@1 (line 152)
                      ; - java.util.concurrent.locks.ReentrantLock::lock@4 (line 322)
                      ; - jdk.internal.misc.InternalLock::lock@4 (line 74)
                      ; - java.io.PrintStream::write@11 (line 621)
                      ; - sun.nio.cs.StreamEncoder::writeBytes@127 (line 309)
                      ; - sun.nio.cs.StreamEncoder::implFlushBuffer@11 (line 405)
                      ; - sun.nio.cs.StreamEncoder::lockedFlushBuffer@8 (line 123)
                      ; - sun.nio.cs.StreamEncoder::flushBuffer@22 (line 110)
  0x00000261a5f62ca8: 54df 80ff 

  0x00000261a5f62cac: ;   {other}
  0x00000261a5f62cac: 0f1f 8400 | 1c18 0029 | e94a f6ff | ff48 897c | 2450 4c89 | 5424 4048 | 8954 2428 | 4c89 5c24 
  0x00000261a5f62ccc: 3848 8944 | 24f8 8b44 | 2468 8944 | 2424 488b | 4424 f844 | 8944 2420 

  0x00000261a5f62ce4: ;   {metadata('java/lang/Error')}
  0x00000261a5f62ce4: 488b e948 | bac8 0701 | b261 0200 | 0066 6690 

  0x00000261a5f62cf4: ;   {runtime_call _new_instance_Java}
  0x00000261a5f62cf4: c5f8 77e8 

  0x00000261a5f62cf8: ; ImmutableOopMap {rbp=Oop [40]=Oop [48]=Oop [56]=Oop [64]=Oop [72]=Oop [80]=Oop }
                      ;*new {reexecute=0 rethrow=0 return_oop=1}
                      ; - java.util.concurrent.locks.ReentrantLock$NonfairSync::initialTryLock@39 (line 231)
                      ; - java.util.concurrent.locks.ReentrantLock$Sync::lock@1 (line 152)
                      ; - java.util.concurrent.locks.ReentrantLock::lock@4 (line 322)
                      ; - jdk.internal.misc.InternalLock::lock@4 (line 74)
                      ; - java.io.BufferedOutputStream::write@11 (line 198)
                      ; - java.io.PrintStream::implWrite@11 (line 643)
                      ; - java.io.PrintStream::write@18 (line 623)
                      ; - sun.nio.cs.StreamEncoder::writeBytes@127 (line 309)
                      ; - sun.nio.cs.StreamEncoder::implFlushBuffer@11 (line 405)
                      ; - sun.nio.cs.StreamEncoder::lockedFlushBuffer@8 (line 123)
                      ; - sun.nio.cs.StreamEncoder::flushBuffer@22 (line 110)
  0x00000261a5f62cf8: 04df 80ff 

  0x00000261a5f62cfc: ;   {other}
  0x00000261a5f62cfc: 0f1f 8400 | 6c18 002a | e98e f7ff | ffba 45ff | ffff 6690 

  0x00000261a5f62d10: ;   {runtime_call UncommonTrapBlob}
  0x00000261a5f62d10: c5f8 77e8 

  0x00000261a5f62d14: ; ImmutableOopMap {rbp=NarrowOop }
                      ;*ifeq {reexecute=1 rethrow=0 return_oop=0}
                      ; - (reexecute) java.util.concurrent.locks.LockSupport::unpark@8 (line 178)
                      ; - java.util.concurrent.locks.AbstractQueuedSynchronizer::signalNext@30 (line 645)
                      ; - java.util.concurrent.locks.AbstractQueuedSynchronizer::release@12 (line 1060)
                      ; - java.util.concurrent.locks.ReentrantLock::unlock@5 (line 494)
                      ; - jdk.internal.misc.InternalLock::unlock@4 (line 78)
                      ; - sun.nio.cs.StreamEncoder::flushBuffer@26 (line 112)
  0x00000261a5f62d14: e84f 73ff 

  0x00000261a5f62d18: ;   {other}
  0x00000261a5f62d18: 0f1f 8400 | 8818 002b | ba45 ffff | ff44 8944 | 2424 6690 

  0x00000261a5f62d2c: ;   {runtime_call UncommonTrapBlob}
  0x00000261a5f62d2c: c5f8 77e8 

  0x00000261a5f62d30: ; ImmutableOopMap {[36]=NarrowOop }
                      ;*ifeq {reexecute=1 rethrow=0 return_oop=0}
                      ; - (reexecute) jdk.internal.misc.Unsafe::getAndBitwiseAndInt@21 (line 3233)
                      ; - java.util.concurrent.locks.AbstractQueuedSynchronizer$Node::getAndUnsetStatus@10 (line 481)
                      ; - java.util.concurrent.locks.AbstractQueuedSynchronizer::signalNext@22 (line 644)
                      ; - java.util.concurrent.locks.AbstractQueuedSynchronizer::release@12 (line 1060)
                      ; - java.util.concurrent.locks.ReentrantLock::unlock@5 (line 494)
                      ; - jdk.internal.misc.InternalLock::unlock@4 (line 78)
                      ; - sun.nio.cs.StreamEncoder::flushBuffer@26 (line 112)
  0x00000261a5f62d30: cc4f 73ff 

  0x00000261a5f62d34: ;   {other}
  0x00000261a5f62d34: 0f1f 8400 | a418 002c | 458b eb49 | 8bd7 c5f8 | 7749 bae0 | 02d1 89f9 | 7f00 0041 

  0x00000261a5f62d50: ;   {other}
  0x00000261a5f62d50: ffd2 0f1f | 8400 0000 | 0000 4c8b | 5424 3845 | 8bdd e9a2 | f7ff ffba | 45ff ffff | 4c8b 4424 
  0x00000261a5f62d70: 484c 8944 | 2420 4c8b | 4424 304c | 8944 2428 | 48ff 7424 | 3848 8f44 | 2430 4489 | 5c24 4090 
  0x00000261a5f62d90: ;   {runtime_call UncommonTrapBlob}
  0x00000261a5f62d90: c5f8 77e8 

  0x00000261a5f62d94: ; ImmutableOopMap {rbp=NarrowOop [32]=Oop [40]=Oop [48]=Oop [64]=NarrowOop [80]=Oop [96]=Oop }
                      ;*if_acmpeq {reexecute=1 rethrow=0 return_oop=0}
                      ; - (reexecute) java.util.concurrent.locks.ReentrantLock$Sync::tryRelease@14 (line 174)
                      ; - java.util.concurrent.locks.AbstractQueuedSynchronizer::release@2 (line 1059)
                      ; - java.util.concurrent.locks.ReentrantLock::unlock@5 (line 494)
                      ; - jdk.internal.misc.InternalLock::unlock@4 (line 78)
                      ; - java.io.PrintStream::write@37 (line 625)
                      ; - sun.nio.cs.StreamEncoder::writeBytes@127 (line 309)
                      ; - sun.nio.cs.StreamEncoder::implFlushBuffer@11 (line 405)
                      ; - sun.nio.cs.StreamEncoder::lockedFlushBuffer@8 (line 123)
                      ; - sun.nio.cs.StreamEncoder::flushBuffer@22 (line 110)
  0x00000261a5f62d94: 684f 73ff 

  0x00000261a5f62d98: ;   {other}
  0x00000261a5f62d98: 0f1f 8400 | 0819 002d | ba45 ffff | ff4c 8b5c | 2430 4c89 | 5c24 284c | 8954 2430 

  0x00000261a5f62db4: ;   {runtime_call UncommonTrapBlob}
  0x00000261a5f62db4: c5f8 77e8 

  0x00000261a5f62db8: ; ImmutableOopMap {rbp=NarrowOop [40]=Oop [48]=Oop [72]=Oop [80]=Oop }
                      ;*ifeq {reexecute=1 rethrow=0 return_oop=0}
                      ; - (reexecute) java.util.concurrent.locks.LockSupport::unpark@8 (line 178)
                      ; - java.util.concurrent.locks.AbstractQueuedSynchronizer::signalNext@30 (line 645)
                      ; - java.util.concurrent.locks.AbstractQueuedSynchronizer::release@12 (line 1060)
                      ; - java.util.concurrent.locks.ReentrantLock::unlock@5 (line 494)
                      ; - jdk.internal.misc.InternalLock::unlock@4 (line 78)
                      ; - java.io.PrintStream::write@37 (line 625)
                      ; - sun.nio.cs.StreamEncoder::writeBytes@127 (line 309)
                      ; - sun.nio.cs.StreamEncoder::implFlushBuffer@11 (line 405)
                      ; - sun.nio.cs.StreamEncoder::lockedFlushBuffer@8 (line 123)
                      ; - sun.nio.cs.StreamEncoder::flushBuffer@22 (line 110)
  0x00000261a5f62db8: 444f 73ff 

  0x00000261a5f62dbc: ;   {other}
  0x00000261a5f62dbc: 0f1f 8400 | 2c19 002e | ba45 ffff | ff4c 8b44 | 2430 4c89 | 4424 284c | 8954 2430 | 4489 5c24 
  0x00000261a5f62ddc: 4466 6690 

  0x00000261a5f62de0: ;   {runtime_call UncommonTrapBlob}
  0x00000261a5f62de0: c5f8 77e8 

  0x00000261a5f62de4: ; ImmutableOopMap {[40]=Oop [48]=Oop [68]=NarrowOop [72]=Oop [80]=Oop }
                      ;*ifeq {reexecute=1 rethrow=0 return_oop=0}
                      ; - (reexecute) jdk.internal.misc.Unsafe::getAndBitwiseAndInt@21 (line 3233)
                      ; - java.util.concurrent.locks.AbstractQueuedSynchronizer$Node::getAndUnsetStatus@10 (line 481)
                      ; - java.util.concurrent.locks.AbstractQueuedSynchronizer::signalNext@22 (line 644)
                      ; - java.util.concurrent.locks.AbstractQueuedSynchronizer::release@12 (line 1060)
                      ; - java.util.concurrent.locks.ReentrantLock::unlock@5 (line 494)
                      ; - jdk.internal.misc.InternalLock::unlock@4 (line 78)
                      ; - java.io.PrintStream::write@37 (line 625)
                      ; - sun.nio.cs.StreamEncoder::writeBytes@127 (line 309)
                      ; - sun.nio.cs.StreamEncoder::implFlushBuffer@11 (line 405)
                      ; - sun.nio.cs.StreamEncoder::lockedFlushBuffer@8 (line 123)
                      ; - sun.nio.cs.StreamEncoder::flushBuffer@22 (line 110)
  0x00000261a5f62de4: 184f 73ff 

  0x00000261a5f62de8: ;   {other}
  0x00000261a5f62de8: 0f1f 8400 | 5819 002f | bade ffff | ff48 8b6c | 2448 4489 | 5424 2490 

  0x00000261a5f62e00: ;   {runtime_call UncommonTrapBlob}
  0x00000261a5f62e00: c5f8 77e8 

  0x00000261a5f62e04: ; ImmutableOopMap {rbp=Oop [36]=NarrowOop }
                      ;*instanceof {reexecute=0 rethrow=0 return_oop=0}
                      ; - sun.nio.cs.StreamEncoder::flushBuffer@6 (line 107)
  0x00000261a5f62e04: f84e 73ff 

  0x00000261a5f62e08: ;   {other}
  0x00000261a5f62e08: 0f1f 8400 | 7819 0030 | 448b 5808 | 49ba 0000 | 00b2 6102 | 0000 4d03 | d34d 8b5a 

  0x00000261a5f62e24: ;   {metadata('java/io/InterruptedIOException')}
  0x00000261a5f62e24: 5049 b820 | 0236 b361 | 0200 004d | 3bd8 0f84 | 26f7 ffff | 4d8b 5248 

  0x00000261a5f62e3c: ;   {metadata('java/io/IOException')}
  0x00000261a5f62e3c: 49bb 284a | 05b3 6102 | 0000 4d3b | d30f 8570 | f8ff ff4c | 8bd5 e9be | f7ff ffba | f4ff ffff 
  0x00000261a5f62e5c: 488b 6c24 | 4866 6690 

  0x00000261a5f62e64: ;   {runtime_call UncommonTrapBlob}
  0x00000261a5f62e64: c5f8 77e8 

  0x00000261a5f62e68: ; ImmutableOopMap {rbp=Oop }
                      ;*instanceof {reexecute=0 rethrow=0 return_oop=0}
                      ; - sun.nio.cs.StreamEncoder::flushBuffer@6 (line 107)
  0x00000261a5f62e68: 944e 73ff 

  0x00000261a5f62e6c: ;   {other}
  0x00000261a5f62e6c: 0f1f 8400 | dc19 0031 | baf6 ffff | ff48 8b6c | 2448 4889 | 7c24 2090 

  0x00000261a5f62e84: ;   {runtime_call UncommonTrapBlob}
  0x00000261a5f62e84: c5f8 77e8 

  0x00000261a5f62e88: ; ImmutableOopMap {rbp=Oop [32]=Oop }
                      ;*invokevirtual lock {reexecute=0 rethrow=0 return_oop=0}
                      ; - jdk.internal.misc.InternalLock::lock@4 (line 74)
                      ; - sun.nio.cs.StreamEncoder::flushBuffer@18 (line 108)
  0x00000261a5f62e88: 744e 73ff 

  0x00000261a5f62e8c: ;   {other}
  0x00000261a5f62e8c: 0f1f 8400 | fc19 0032 | baf6 ffff | ff48 8bef 

  0x00000261a5f62e9c: ;   {runtime_call UncommonTrapBlob}
  0x00000261a5f62e9c: c5f8 77e8 

  0x00000261a5f62ea0: ; ImmutableOopMap {rbp=Oop }
                      ;*invokevirtual position {reexecute=0 rethrow=0 return_oop=0}
                      ; - sun.nio.cs.StreamEncoder::implFlushBuffer@4 (line 404)
                      ; - sun.nio.cs.StreamEncoder::lockedFlushBuffer@8 (line 123)
                      ; - sun.nio.cs.StreamEncoder::flushBuffer@22 (line 110)
  0x00000261a5f62ea0: 5c4e 73ff 

  0x00000261a5f62ea4: ;   {other}
  0x00000261a5f62ea4: 0f1f 8400 | 141a 0033 | baf6 ffff | ff48 8bef | 4489 7424 | 2044 8944 | 2428 6690 

  0x00000261a5f62ec0: ;   {runtime_call UncommonTrapBlob}
  0x00000261a5f62ec0: c5f8 77e8 

  0x00000261a5f62ec4: ; ImmutableOopMap {rbp=Oop [32]=NarrowOop }
                      ;*invokevirtual write {reexecute=0 rethrow=0 return_oop=0}
                      ; - sun.nio.cs.StreamEncoder::writeBytes@127 (line 309)
                      ; - sun.nio.cs.StreamEncoder::implFlushBuffer@11 (line 405)
                      ; - sun.nio.cs.StreamEncoder::lockedFlushBuffer@8 (line 123)
                      ; - sun.nio.cs.StreamEncoder::flushBuffer@22 (line 110)
  0x00000261a5f62ec4: 384e 73ff 

  0x00000261a5f62ec8: ;   {other}
  0x00000261a5f62ec8: 0f1f 8400 | 381a 0034 | baf6 ffff | ff48 8b6c | 2448 4889 | 7c24 204c | 895c 2428 | 4489 7424 
  0x00000261a5f62ee8: 3044 8944 | 2438 6690 

  0x00000261a5f62ef0: ;   {runtime_call UncommonTrapBlob}
  0x00000261a5f62ef0: c5f8 77e8 

  0x00000261a5f62ef4: ; ImmutableOopMap {rbp=Oop [32]=Oop [40]=Oop [48]=NarrowOop }
                      ;*invokevirtual lock {reexecute=0 rethrow=0 return_oop=0}
                      ; - jdk.internal.misc.InternalLock::lock@4 (line 74)
                      ; - java.io.PrintStream::write@11 (line 621)
                      ; - sun.nio.cs.StreamEncoder::writeBytes@127 (line 309)
                      ; - sun.nio.cs.StreamEncoder::implFlushBuffer@11 (line 405)
                      ; - sun.nio.cs.StreamEncoder::lockedFlushBuffer@8 (line 123)
                      ; - sun.nio.cs.StreamEncoder::flushBuffer@22 (line 110)
  0x00000261a5f62ef4: 084e 73ff 

  0x00000261a5f62ef8: ;   {other}
  0x00000261a5f62ef8: 0f1f 8400 | 681a 0035 | baf6 ffff | ff66 6690 

  0x00000261a5f62f08: ;   {runtime_call UncommonTrapBlob}
  0x00000261a5f62f08: c5f8 77e8 

  0x00000261a5f62f0c: ; ImmutableOopMap {}
                      ;*invokevirtual unlock {reexecute=0 rethrow=0 return_oop=0}
                      ; - jdk.internal.misc.InternalLock::unlock@4 (line 78)
                      ; - sun.nio.cs.StreamEncoder::flushBuffer@26 (line 112)
  0x00000261a5f62f0c: f04d 73ff 

  0x00000261a5f62f10: ;   {other}
  0x00000261a5f62f10: 0f1f 8400 | 801a 0036 | baf6 ffff | ff66 6690 

  0x00000261a5f62f20: ;   {runtime_call UncommonTrapBlob}
  0x00000261a5f62f20: c5f8 77e8 

  0x00000261a5f62f24: ; ImmutableOopMap {}
                      ;*invokevirtual release {reexecute=0 rethrow=0 return_oop=0}
                      ; - java.util.concurrent.locks.ReentrantLock::unlock@5 (line 494)
                      ; - jdk.internal.misc.InternalLock::unlock@4 (line 78)
                      ; - sun.nio.cs.StreamEncoder::flushBuffer@26 (line 112)
  0x00000261a5f62f24: d84d 73ff 

  0x00000261a5f62f28: ;   {other}
  0x00000261a5f62f28: 0f1f 8400 | 981a 0037 | baf6 ffff | ff48 8b6c | 2448 4889 | 7c24 204c | 895c 2430 | 4c89 5424 
  0x00000261a5f62f48: 3844 8974 | 2440 4489 | 4424 4890 

  0x00000261a5f62f54: ;   {runtime_call UncommonTrapBlob}
  0x00000261a5f62f54: c5f8 77e8 

  0x00000261a5f62f58: ; ImmutableOopMap {rbp=Oop [32]=Oop [48]=Oop [56]=Oop [64]=NarrowOop }
                      ;*invokevirtual lock {reexecute=0 rethrow=0 return_oop=0}
                      ; - jdk.internal.misc.InternalLock::lock@4 (line 74)
                      ; - java.io.BufferedOutputStream::write@11 (line 198)
                      ; - java.io.PrintStream::implWrite@11 (line 643)
                      ; - java.io.PrintStream::write@18 (line 623)
                      ; - sun.nio.cs.StreamEncoder::writeBytes@127 (line 309)
                      ; - sun.nio.cs.StreamEncoder::implFlushBuffer@11 (line 405)
                      ; - sun.nio.cs.StreamEncoder::lockedFlushBuffer@8 (line 123)
                      ; - sun.nio.cs.StreamEncoder::flushBuffer@22 (line 110)
  0x00000261a5f62f58: a44d 73ff 

  0x00000261a5f62f5c: ;   {other}
  0x00000261a5f62f5c: 0f1f 8400 | cc1a 0038 | baf6 ffff | ff66 6690 

  0x00000261a5f62f6c: ;   {runtime_call UncommonTrapBlob}
  0x00000261a5f62f6c: c5f8 77e8 

  0x00000261a5f62f70: ; ImmutableOopMap {[48]=Oop }
                      ;*invokevirtual clear {reexecute=0 rethrow=0 return_oop=0}
                      ; - sun.nio.cs.StreamEncoder::writeBytes@134 (line 312)
                      ; - sun.nio.cs.StreamEncoder::implFlushBuffer@11 (line 405)
                      ; - sun.nio.cs.StreamEncoder::lockedFlushBuffer@8 (line 123)
                      ; - sun.nio.cs.StreamEncoder::flushBuffer@22 (line 110)
  0x00000261a5f62f70: 8c4d 73ff 

  0x00000261a5f62f74: ;   {other}
  0x00000261a5f62f74: 0f1f 8400 | e41a 0039 | baf6 ffff | ff4c 8b44 | 2430 4c89 | 4424 204c | 895c 2430 | 4c89 5424 
  0x00000261a5f62f94: 3866 6690 

  0x00000261a5f62f98: ;   {runtime_call UncommonTrapBlob}
  0x00000261a5f62f98: c5f8 77e8 

  0x00000261a5f62f9c: ; ImmutableOopMap {[32]=Oop [48]=Oop [56]=Oop [72]=Oop }
                      ;*arraylength {reexecute=0 rethrow=0 return_oop=0}
                      ; - java.io.BufferedOutputStream::growIfNeeded@20 (line 141)
                      ; - java.io.BufferedOutputStream::implWrite@25 (line 220)
                      ; - java.io.BufferedOutputStream::write@18 (line 200)
                      ; - java.io.PrintStream::implWrite@11 (line 643)
                      ; - java.io.PrintStream::write@18 (line 623)
                      ; - sun.nio.cs.StreamEncoder::writeBytes@127 (line 309)
                      ; - sun.nio.cs.StreamEncoder::implFlushBuffer@11 (line 405)
                      ; - sun.nio.cs.StreamEncoder::lockedFlushBuffer@8 (line 123)
                      ; - sun.nio.cs.StreamEncoder::flushBuffer@22 (line 110)
  0x00000261a5f62f9c: 604d 73ff 

  0x00000261a5f62fa0: ;   {other}
  0x00000261a5f62fa0: 0f1f 8400 | 101b 003a | baf6 ffff | ff4c 8b44 | 2430 4c89 | 4424 204c | 895c 2430 | 4c89 5424 
  0x00000261a5f62fc0: 3889 7c24 | 4089 5c24 | 4466 6690 

  0x00000261a5f62fcc: ;   {runtime_call UncommonTrapBlob}
  0x00000261a5f62fcc: c5f8 77e8 

  0x00000261a5f62fd0: ; ImmutableOopMap {[32]=Oop [48]=Oop [56]=Oop [64]=NarrowOop [72]=Oop }
                      ;*invokevirtual write {reexecute=0 rethrow=0 return_oop=0}
                      ; - java.io.BufferedOutputStream::flushBuffer@20 (line 125)
                      ; - java.io.BufferedOutputStream::implWrite@43 (line 222)
                      ; - java.io.BufferedOutputStream::write@18 (line 200)
                      ; - java.io.PrintStream::implWrite@11 (line 643)
                      ; - java.io.PrintStream::write@18 (line 623)
                      ; - sun.nio.cs.StreamEncoder::writeBytes@127 (line 309)
                      ; - sun.nio.cs.StreamEncoder::implFlushBuffer@11 (line 405)
                      ; - sun.nio.cs.StreamEncoder::lockedFlushBuffer@8 (line 123)
                      ; - sun.nio.cs.StreamEncoder::flushBuffer@22 (line 110)
  0x00000261a5f62fd0: 2c4d 73ff 

  0x00000261a5f62fd4: ;   {other}
  0x00000261a5f62fd4: 0f1f 8400 | 441b 003b | baf6 ffff | ff48 8b6c | 2448 4c8b | 4c24 304c | 894c 2420 | 4c89 5c24 
  0x00000261a5f62ff4: 304c 8954 | 2440 4489 | 7424 4848 | 8944 24f8 | 8b44 2468 | 8944 244c | 488b 4424 | f844 8944 
  0x00000261a5f63014: 2450 4c89 | 5424 5848 | 894c 2460 | 897c 2454 | 895c 2468 

  0x00000261a5f63028: ;   {runtime_call UncommonTrapBlob}
  0x00000261a5f63028: c5f8 77e8 

  0x00000261a5f6302c: ; ImmutableOopMap {rbp=Oop [32]=Oop [48]=Oop [64]=Oop [72]=NarrowOop [84]=NarrowOop [88]=Oop [96]=Oop }
                      ;*getfield append {reexecute=1 rethrow=0 return_oop=0}
                      ; - (reexecute) java.io.FileDescriptor$1::getAppend@1 (line 85)
                      ; - java.io.FileOutputStream::write@7 (line 364)
                      ; - java.io.BufferedOutputStream::flushBuffer@20 (line 125)
                      ; - java.io.BufferedOutputStream::implWrite@43 (line 222)
                      ; - java.io.BufferedOutputStream::write@18 (line 200)
                      ; - java.io.PrintStream::implWrite@11 (line 643)
                      ; - java.io.PrintStream::write@18 (line 623)
                      ; - sun.nio.cs.StreamEncoder::writeBytes@127 (line 309)
                      ; - sun.nio.cs.StreamEncoder::implFlushBuffer@11 (line 405)
                      ; - sun.nio.cs.StreamEncoder::lockedFlushBuffer@8 (line 123)
                      ; - sun.nio.cs.StreamEncoder::flushBuffer@22 (line 110)
  0x00000261a5f6302c: d04c 73ff 

  0x00000261a5f63030: ;   {other}
  0x00000261a5f63030: 0f1f 8400 | a01b 003c | baf6 ffff | ff48 8b6c | 2448 4c8b | 5424 304c | 8954 2420 

  0x00000261a5f6304c: ;   {runtime_call UncommonTrapBlob}
  0x00000261a5f6304c: c5f8 77e8 

  0x00000261a5f63050: ; ImmutableOopMap {rbp=Oop [32]=Oop [44]=NarrowOop [56]=Oop [80]=Oop }
                      ;*invokestatic arraycopy {reexecute=0 rethrow=0 return_oop=0}
                      ; - java.io.BufferedOutputStream::implWrite@57 (line 224)
                      ; - java.io.BufferedOutputStream::write@18 (line 200)
                      ; - java.io.PrintStream::implWrite@11 (line 643)
                      ; - java.io.PrintStream::write@18 (line 623)
                      ; - sun.nio.cs.StreamEncoder::writeBytes@127 (line 309)
                      ; - sun.nio.cs.StreamEncoder::implFlushBuffer@11 (line 405)
                      ; - sun.nio.cs.StreamEncoder::lockedFlushBuffer@8 (line 123)
                      ; - sun.nio.cs.StreamEncoder::flushBuffer@22 (line 110)
  0x00000261a5f63050: ac4c 73ff 

  0x00000261a5f63054: ;   {other}
  0x00000261a5f63054: 0f1f 8400 | c41b 003d | ba45 ffff | ff48 8b6c | 2448 4889 | 7c24 2044 | 8944 2428 | 4489 5424 
  0x00000261a5f63074: 2c44 8974 | 2430 6690 

  0x00000261a5f6307c: ;   {runtime_call UncommonTrapBlob}
  0x00000261a5f6307c: c5f8 77e8 

  0x00000261a5f63080: ; ImmutableOopMap {rbp=Oop [32]=Oop [44]=NarrowOop [48]=NarrowOop }
                      ;*ifnonnull {reexecute=1 rethrow=0 return_oop=0}
                      ; - (reexecute) java.nio.ByteBuffer::array@4 (line 1504)
                      ; - sun.nio.cs.StreamEncoder::writeBytes@114 (line 309)
                      ; - sun.nio.cs.StreamEncoder::implFlushBuffer@11 (line 405)
                      ; - sun.nio.cs.StreamEncoder::lockedFlushBuffer@8 (line 123)
                      ; - sun.nio.cs.StreamEncoder::flushBuffer@22 (line 110)
  0x00000261a5f63080: 7c4c 73ff 

  0x00000261a5f63084: ;   {other}
  0x00000261a5f63084: 0f1f 8400 | f41b 003e | ba45 ffff | ff48 897c | 2428 4c89 | 5c24 3044 | 8974 2438 | 4489 4424 
  0x00000261a5f630a4: 4066 6690 

  0x00000261a5f630a8: ;   {runtime_call UncommonTrapBlob}
  0x00000261a5f630a8: c5f8 77e8 

  0x00000261a5f630ac: ; ImmutableOopMap {rbp=NarrowOop [40]=Oop [48]=Oop [56]=NarrowOop [72]=Oop }
                      ;*ifnull {reexecute=1 rethrow=0 return_oop=0}
                      ; - (reexecute) java.io.PrintStream::write@4 (line 620)
                      ; - sun.nio.cs.StreamEncoder::writeBytes@127 (line 309)
                      ; - sun.nio.cs.StreamEncoder::implFlushBuffer@11 (line 405)
                      ; - sun.nio.cs.StreamEncoder::lockedFlushBuffer@8 (line 123)
                      ; - sun.nio.cs.StreamEncoder::flushBuffer@22 (line 110)
  0x00000261a5f630ac: 504c 73ff 

  0x00000261a5f630b0: ;   {other}
  0x00000261a5f630b0: 0f1f 8400 | 201c 003f | ba45 ffff | ff4c 8b54 | 2448 4c89 | 5424 2048 | 897c 2428 | 4c89 5c24 
  0x00000261a5f630d0: 3844 8974 | 2440 4489 | 4424 4890 

  0x00000261a5f630dc: ;   {runtime_call UncommonTrapBlob}
  0x00000261a5f630dc: c5f8 77e8 

  0x00000261a5f630e0: ; ImmutableOopMap {rbp=NarrowOop [32]=Oop [40]=Oop [56]=Oop [64]=NarrowOop }
                      ;*ifnonnull {reexecute=1 rethrow=0 return_oop=0}
                      ; - (reexecute) java.io.PrintStream::ensureOpen@4 (line 435)
                      ; - java.io.PrintStream::implWrite@1 (line 642)
                      ; - java.io.PrintStream::write@18 (line 623)
                      ; - sun.nio.cs.StreamEncoder::writeBytes@127 (line 309)
                      ; - sun.nio.cs.StreamEncoder::implFlushBuffer@11 (line 405)
                      ; - sun.nio.cs.StreamEncoder::lockedFlushBuffer@8 (line 123)
                      ; - sun.nio.cs.StreamEncoder::flushBuffer@22 (line 110)
  0x00000261a5f630e0: 1c4c 73ff 

  0x00000261a5f630e4: ;   {other}
  0x00000261a5f630e4: 0f1f 8400 | 541c 0040 | ba45 ffff | ff4c 8b4c | 2448 4c89 | 4c24 2048 | 897c 2428 | 4c89 5c24 
  0x00000261a5f63104: 384c 8954 | 2440 4489 | 7424 4844 | 8944 2450 

  0x00000261a5f63114: ;   {runtime_call UncommonTrapBlob}
  0x00000261a5f63114: c5f8 77e8 

  0x00000261a5f63118: ; ImmutableOopMap {rbp=NarrowOop [32]=Oop [40]=Oop [56]=Oop [64]=Oop [72]=NarrowOop }
                      ;*ifnull {reexecute=1 rethrow=0 return_oop=0}
                      ; - (reexecute) java.io.BufferedOutputStream::write@4 (line 197)
                      ; - java.io.PrintStream::implWrite@11 (line 643)
                      ; - java.io.PrintStream::write@18 (line 623)
                      ; - sun.nio.cs.StreamEncoder::writeBytes@127 (line 309)
                      ; - sun.nio.cs.StreamEncoder::implFlushBuffer@11 (line 405)
                      ; - sun.nio.cs.StreamEncoder::lockedFlushBuffer@8 (line 123)
                      ; - sun.nio.cs.StreamEncoder::flushBuffer@22 (line 110)
  0x00000261a5f63118: e44b 73ff 

  0x00000261a5f6311c: ;   {other}
  0x00000261a5f6311c: 0f1f 8400 | 8c1c 0041 | 488b e8e9 | 18f2 ffff | 488b e8e9 | 10f2 ffff | e986 f5ff | ffba f6ff 
  0x00000261a5f6313c: ffff 4c8b | 5c24 304c | 895c 2420 

  0x00000261a5f63148: ;   {runtime_call UncommonTrapBlob}
  0x00000261a5f63148: c5f8 77e8 

  0x00000261a5f6314c: ; ImmutableOopMap {[32]=Oop [56]=Oop [72]=Oop [80]=Oop }
                      ;*invokevirtual unlock {reexecute=0 rethrow=0 return_oop=0}
                      ; - java.io.PrintStream::write@37 (line 625)
                      ; - sun.nio.cs.StreamEncoder::writeBytes@127 (line 309)
                      ; - sun.nio.cs.StreamEncoder::implFlushBuffer@11 (line 405)
                      ; - sun.nio.cs.StreamEncoder::lockedFlushBuffer@8 (line 123)
                      ; - sun.nio.cs.StreamEncoder::flushBuffer@22 (line 110)
  0x00000261a5f6314c: b04b 73ff 

  0x00000261a5f63150: ;   {other}
  0x00000261a5f63150: 0f1f 8400 | c01c 0042 | baf6 ffff | ff4c 8b5c | 2430 4c89 | 5c24 2090 

  0x00000261a5f63168: ;   {runtime_call UncommonTrapBlob}
  0x00000261a5f63168: c5f8 77e8 

  0x00000261a5f6316c: ; ImmutableOopMap {[32]=Oop [56]=Oop [72]=Oop [80]=Oop }
                      ;*invokevirtual unlock {reexecute=0 rethrow=0 return_oop=0}
                      ; - jdk.internal.misc.InternalLock::unlock@4 (line 78)
                      ; - java.io.PrintStream::write@37 (line 625)
                      ; - sun.nio.cs.StreamEncoder::writeBytes@127 (line 309)
                      ; - sun.nio.cs.StreamEncoder::implFlushBuffer@11 (line 405)
                      ; - sun.nio.cs.StreamEncoder::lockedFlushBuffer@8 (line 123)
                      ; - sun.nio.cs.StreamEncoder::flushBuffer@22 (line 110)
  0x00000261a5f6316c: 904b 73ff 

  0x00000261a5f63170: ;   {other}
  0x00000261a5f63170: 0f1f 8400 | e01c 0043 | baf6 ffff | ff4c 8b5c | 2430 4c89 | 5c24 2090 

  0x00000261a5f63188: ;   {runtime_call UncommonTrapBlob}
  0x00000261a5f63188: c5f8 77e8 

  0x00000261a5f6318c: ; ImmutableOopMap {[32]=Oop [56]=Oop [72]=Oop [80]=Oop }
                      ;*invokevirtual release {reexecute=0 rethrow=0 return_oop=0}
                      ; - java.util.concurrent.locks.ReentrantLock::unlock@5 (line 494)
                      ; - jdk.internal.misc.InternalLock::unlock@4 (line 78)
                      ; - java.io.PrintStream::write@37 (line 625)
                      ; - sun.nio.cs.StreamEncoder::writeBytes@127 (line 309)
                      ; - sun.nio.cs.StreamEncoder::implFlushBuffer@11 (line 405)
                      ; - sun.nio.cs.StreamEncoder::lockedFlushBuffer@8 (line 123)
                      ; - sun.nio.cs.StreamEncoder::flushBuffer@22 (line 110)
  0x00000261a5f6318c: 704b 73ff 

  0x00000261a5f63190: ;   {other}
  0x00000261a5f63190: 0f1f 8400 | 001d 0044 | 448b 5808 | 49ba 0000 | 00b2 6102 | 0000 4d03 | d34d 8b5a 

  0x00000261a5f631ac: ;   {metadata('java/io/InterruptedIOException')}
  0x00000261a5f631ac: 5049 b820 | 0236 b361 | 0200 004d | 3bd8 0f84 | 9ef3 ffff | 4d8b 5248 

  0x00000261a5f631c4: ;   {metadata('java/io/IOException')}
  0x00000261a5f631c4: 49bb 284a | 05b3 6102 | 0000 4d3b | d30f 85e8 | f4ff ff4c | 8b54 2428 | e934 f4ff | ffba f6ff 
  0x00000261a5f631e4: ffff 4c8b | 5424 304c | 8954 2428 

  0x00000261a5f631f0: ;   {runtime_call UncommonTrapBlob}
  0x00000261a5f631f0: c5f8 77e8 

  0x00000261a5f631f4: ; ImmutableOopMap {[32]=Oop [40]=Oop [56]=Oop [72]=Oop }
                      ;*invokevirtual unlock {reexecute=0 rethrow=0 return_oop=0}
                      ; - java.io.BufferedOutputStream::write@37 (line 202)
                      ; - java.io.PrintStream::implWrite@11 (line 643)
                      ; - java.io.PrintStream::write@18 (line 623)
                      ; - sun.nio.cs.StreamEncoder::writeBytes@127 (line 309)
                      ; - sun.nio.cs.StreamEncoder::implFlushBuffer@11 (line 405)
                      ; - sun.nio.cs.StreamEncoder::lockedFlushBuffer@8 (line 123)
                      ; - sun.nio.cs.StreamEncoder::flushBuffer@22 (line 110)
  0x00000261a5f631f4: 084b 73ff 

  0x00000261a5f631f8: ;   {other}
  0x00000261a5f631f8: 0f1f 8400 | 681d 0045 | baf6 ffff | ff4c 8b54 | 2430 4c89 | 5424 2890 

  0x00000261a5f63210: ;   {runtime_call UncommonTrapBlob}
  0x00000261a5f63210: c5f8 77e8 

  0x00000261a5f63214: ; ImmutableOopMap {[32]=Oop [40]=Oop [56]=Oop [72]=Oop }
                      ;*invokevirtual unlock {reexecute=0 rethrow=0 return_oop=0}
                      ; - jdk.internal.misc.InternalLock::unlock@4 (line 78)
                      ; - java.io.BufferedOutputStream::write@37 (line 202)
                      ; - java.io.PrintStream::implWrite@11 (line 643)
                      ; - java.io.PrintStream::write@18 (line 623)
                      ; - sun.nio.cs.StreamEncoder::writeBytes@127 (line 309)
                      ; - sun.nio.cs.StreamEncoder::implFlushBuffer@11 (line 405)
                      ; - sun.nio.cs.StreamEncoder::lockedFlushBuffer@8 (line 123)
                      ; - sun.nio.cs.StreamEncoder::flushBuffer@22 (line 110)
  0x00000261a5f63214: e84a 73ff 

  0x00000261a5f63218: ;   {other}
  0x00000261a5f63218: 0f1f 8400 | 881d 0046 | baf6 ffff | ff4c 8b54 | 2430 4c89 | 5424 2890 

  0x00000261a5f63230: ;   {runtime_call UncommonTrapBlob}
  0x00000261a5f63230: c5f8 77e8 

  0x00000261a5f63234: ; ImmutableOopMap {[32]=Oop [40]=Oop [56]=Oop [72]=Oop }
                      ;*invokevirtual release {reexecute=0 rethrow=0 return_oop=0}
                      ; - java.util.concurrent.locks.ReentrantLock::unlock@5 (line 494)
                      ; - jdk.internal.misc.InternalLock::unlock@4 (line 78)
                      ; - java.io.BufferedOutputStream::write@37 (line 202)
                      ; - java.io.PrintStream::implWrite@11 (line 643)
                      ; - java.io.PrintStream::write@18 (line 623)
                      ; - sun.nio.cs.StreamEncoder::writeBytes@127 (line 309)
                      ; - sun.nio.cs.StreamEncoder::implFlushBuffer@11 (line 405)
                      ; - sun.nio.cs.StreamEncoder::lockedFlushBuffer@8 (line 123)
                      ; - sun.nio.cs.StreamEncoder::flushBuffer@22 (line 110)
  0x00000261a5f63234: c84a 73ff 

  0x00000261a5f63238: ;   {other}
  0x00000261a5f63238: 0f1f 8400 | a81d 0047 | eb02 eb00 | 488b e8e9 | f8f0 ffff | eb00 448b | 4008 49bb | 0000 00b2 
  0x00000261a5f63258: 6102 0000 | 4d03 d8eb | 1144 8b50 | 0849 bb00 | 0000 b261 | 0200 004d | 03da 4d8b 

  0x00000261a5f63274: ;   {metadata('java/io/InterruptedIOException')}
  0x00000261a5f63274: 5350 49b8 | 2002 36b3 | 6102 0000 | 4d3b d075 | 0a48 896c | 2460 e9cf | f2ff ff4d 

  0x00000261a5f63290: ;   {metadata('java/io/IOException')}
  0x00000261a5f63290: 8b53 4849 | bb28 4a05 | b361 0200 | 004d 3bd3 | 0f85 19f4 | ffff 4889 | 6c24 604c | 8b54 2440 
  0x00000261a5f632b0: e960 f3ff | ffeb 38e9 | ac00 0000 | 418b f349 | 8bd7 c5f8 | 7749 bae0 | 02d1 89f9 | 7f00 0041 
  0x00000261a5f632d0: ;   {other}
  0x00000261a5f632d0: ffd2 0f1f | 8400 0000 | 0000 448b | deeb 5c48 | 8944 2420 | eb17 4889 | 4424 20eb | 10eb 0048 
  0x00000261a5f632f0: 896c 2460 | eb72 eb00 | 4889 4424 | 204c 8b54 | 2450 458b | 5a20 458b | 530c 458b | 5a0c 418b 
  0x00000261a5f63310: 7b10 418b | 6b0c 4c8b | d54c 8b44 | 2460 4d3b | d00f 850d | 0100 0083 | ff01 0f85 | fc00 0000 
  0x00000261a5f63330: 4180 7f40 | 000f 85be | 0000 0045 | 8963 0c41 | ba01 0000 | 00ff cf41 | 897b 10f0 | 8344 24c0 
  0x00000261a5f63350: 0045 85d2 | 7409 458b | 5314 4585 | d275 1348 | 8b44 2420 | eb02 eb00 | 4889 4424 | 50e9 59f1 
  0x00000261a5f63370: ffff 458b | 4214 4585 | c074 e445 | 8b58 0c45 | 85db 74db | 418b 400c | 448b d041 | 83e2 fef0 
  0x00000261a5f63390: 450f b150 | 0c40 0f94 | c540 0fb6 | ed85 ed0f | 84cb 0000 | 0041 8b68 | 1885 ed74 | b244 8b55 
  0x00000261a5f633b0: 0849 bb00 | 0000 b261 | 0200 004d | 03da 4d8b 

  0x00000261a5f633c0: ;   {metadata('java/lang/BaseVirtualThread')}
  0x00000261a5f633c0: 5340 49bb | 0098 02b2 | 6102 0000 | 4d3b d30f | 8483 0000 | 004c 8bc5 

  0x00000261a5f633d8: ;   {oop(a 'jdk/internal/misc/Unsafe'{0x00000000834008d8})}
  0x00000261a5f633d8: 48ba d808 | 4083 0000 | 0000 6690 

  0x00000261a5f633e4: ;   {optimized virtual_call}
  0x00000261a5f633e4: c5f8 77e8 

  0x00000261a5f633e8: ; ImmutableOopMap {[32]=Oop [48]=Oop [56]=Oop [72]=Oop [96]=Oop }
                      ;*invokevirtual unpark {reexecute=0 rethrow=0 return_oop=0}
                      ; - java.util.concurrent.locks.LockSupport::unpark@22 (line 181)
                      ; - java.util.concurrent.locks.AbstractQueuedSynchronizer::signalNext@30 (line 645)
                      ; - java.util.concurrent.locks.AbstractQueuedSynchronizer::release@12 (line 1060)
                      ; - java.util.concurrent.locks.ReentrantLock::unlock@5 (line 494)
                      ; - jdk.internal.misc.InternalLock::unlock@4 (line 78)
                      ; - java.io.BufferedOutputStream::write@37 (line 202)
                      ; - java.io.PrintStream::implWrite@11 (line 643)
                      ; - java.io.PrintStream::write@18 (line 623)
                      ; - sun.nio.cs.StreamEncoder::writeBytes@127 (line 309)
                      ; - sun.nio.cs.StreamEncoder::implFlushBuffer@11 (line 405)
                      ; - sun.nio.cs.StreamEncoder::lockedFlushBuffer@8 (line 123)
                      ; - sun.nio.cs.StreamEncoder::flushBuffer@22 (line 110)
  0x00000261a5f633e8: 94ba 72ff 

  0x00000261a5f633ec: ;   {other}
  0x00000261a5f633ec: 0f1f 8400 | 5c1f 0048 | e966 ffff | ff45 8b43 | 0c45 85c0 | 0f84 35ff | ffff 4d8b | 5728 498b 
  0x00000261a5f6340c: c84d 85d2 | 0f84 a6fe | ffff 4d8b | 4738 4b89 | 4c10 f849 | 83c2 f84d | 8957 28e9 | 0fff ffff 
  0x00000261a5f6342c: 4533 d2e9 | 11ff ffff | ba45 ffff | ff4c 8b54 | 2448 4c89 | 5424 2844 | 895c 2448 

  0x00000261a5f63448: ;   {runtime_call UncommonTrapBlob}
  0x00000261a5f63448: c5f8 77e8 

  0x00000261a5f6344c: ; ImmutableOopMap {rbp=NarrowOop [32]=Oop [40]=Oop [48]=Oop [56]=Oop [72]=NarrowOop [96]=Oop }
                      ;*if_acmpeq {reexecute=1 rethrow=0 return_oop=0}
                      ; - (reexecute) java.util.concurrent.locks.ReentrantLock$Sync::tryRelease@14 (line 174)
                      ; - java.util.concurrent.locks.AbstractQueuedSynchronizer::release@2 (line 1059)
                      ; - java.util.concurrent.locks.ReentrantLock::unlock@5 (line 494)
                      ; - jdk.internal.misc.InternalLock::unlock@4 (line 78)
                      ; - java.io.BufferedOutputStream::write@37 (line 202)
                      ; - java.io.PrintStream::implWrite@11 (line 643)
                      ; - java.io.PrintStream::write@18 (line 623)
                      ; - sun.nio.cs.StreamEncoder::writeBytes@127 (line 309)
                      ; - sun.nio.cs.StreamEncoder::implFlushBuffer@11 (line 405)
                      ; - sun.nio.cs.StreamEncoder::lockedFlushBuffer@8 (line 123)
                      ; - sun.nio.cs.StreamEncoder::flushBuffer@22 (line 110)
  0x00000261a5f6344c: b048 73ff 

  0x00000261a5f63450: ;   {other}
  0x00000261a5f63450: 0f1f 8400 | c01f 0049 | ba45 ffff | ff66 6690 

  0x00000261a5f63460: ;   {runtime_call UncommonTrapBlob}
  0x00000261a5f63460: c5f8 77e8 

  0x00000261a5f63464: ; ImmutableOopMap {rbp=NarrowOop [32]=Oop [48]=Oop [56]=Oop [72]=Oop }
                      ;*ifeq {reexecute=1 rethrow=0 return_oop=0}
                      ; - (reexecute) java.util.concurrent.locks.LockSupport::unpark@8 (line 178)
                      ; - java.util.concurrent.locks.AbstractQueuedSynchronizer::signalNext@30 (line 645)
                      ; - java.util.concurrent.locks.AbstractQueuedSynchronizer::release@12 (line 1060)
                      ; - java.util.concurrent.locks.ReentrantLock::unlock@5 (line 494)
                      ; - jdk.internal.misc.InternalLock::unlock@4 (line 78)
                      ; - java.io.BufferedOutputStream::write@37 (line 202)
                      ; - java.io.PrintStream::implWrite@11 (line 643)
                      ; - java.io.PrintStream::write@18 (line 623)
                      ; - sun.nio.cs.StreamEncoder::writeBytes@127 (line 309)
                      ; - sun.nio.cs.StreamEncoder::implFlushBuffer@11 (line 405)
                      ; - sun.nio.cs.StreamEncoder::lockedFlushBuffer@8 (line 123)
                      ; - sun.nio.cs.StreamEncoder::flushBuffer@22 (line 110)
  0x00000261a5f63464: 9848 73ff 

  0x00000261a5f63468: ;   {other}
  0x00000261a5f63468: 0f1f 8400 | d81f 004a | ba45 ffff | ff4c 8b54 | 2448 4c89 | 5424 2844 | 8944 244c 

  0x00000261a5f63484: ;   {runtime_call UncommonTrapBlob}
  0x00000261a5f63484: c5f8 77e8 

  0x00000261a5f63488: ; ImmutableOopMap {[32]=Oop [40]=Oop [48]=Oop [56]=Oop [76]=NarrowOop }
                      ;*ifeq {reexecute=1 rethrow=0 return_oop=0}
                      ; - (reexecute) jdk.internal.misc.Unsafe::getAndBitwiseAndInt@21 (line 3233)
                      ; - java.util.concurrent.locks.AbstractQueuedSynchronizer$Node::getAndUnsetStatus@10 (line 481)
                      ; - java.util.concurrent.locks.AbstractQueuedSynchronizer::signalNext@22 (line 644)
                      ; - java.util.concurrent.locks.AbstractQueuedSynchronizer::release@12 (line 1060)
                      ; - java.util.concurrent.locks.ReentrantLock::unlock@5 (line 494)
                      ; - jdk.internal.misc.InternalLock::unlock@4 (line 78)
                      ; - java.io.BufferedOutputStream::write@37 (line 202)
                      ; - java.io.PrintStream::implWrite@11 (line 643)
                      ; - java.io.PrintStream::write@18 (line 623)
                      ; - sun.nio.cs.StreamEncoder::writeBytes@127 (line 309)
                      ; - sun.nio.cs.StreamEncoder::implFlushBuffer@11 (line 405)
                      ; - sun.nio.cs.StreamEncoder::lockedFlushBuffer@8 (line 123)
                      ; - sun.nio.cs.StreamEncoder::flushBuffer@22 (line 110)
  0x00000261a5f63488: 7448 73ff 

  0x00000261a5f6348c: ;   {other}
  0x00000261a5f6348c: 0f1f 8400 | fc1f 004b 

  0x00000261a5f63494: ;   {internal_word}
  0x00000261a5f63494: 49ba 5f1d | f6a5 6102 | 0000 4d89 | 9760 0400 

  0x00000261a5f634a4: ;   {runtime_call SafepointBlob}
  0x00000261a5f634a4: 00e9 d636 

  0x00000261a5f634a8: ;   {runtime_call StubRoutines (final stubs)}
  0x00000261a5f634a8: 73ff e8d1 | 2871 ffe9 | cae3 ffff | f4f4 f4f4 
[Stub Code]
  0x00000261a5f634b8: ;   {no_reloc}
  0x00000261a5f634b8: 48bb 0000 | 0000 0000 

  0x00000261a5f634c0: ;   {runtime_call}
  0x00000261a5f634c0: 0000 e9fb 

  0x00000261a5f634c4: ;   {static_stub}
  0x00000261a5f634c4: ffff ff48 | bb00 0000 | 0000 0000 

  0x00000261a5f634d0: ;   {runtime_call}
  0x00000261a5f634d0: 00e9 fbff 

  0x00000261a5f634d4: ;   {static_stub}
  0x00000261a5f634d4: ffff 48bb | 0000 0000 | 0000 0000 

  0x00000261a5f634e0: ;   {runtime_call}
  0x00000261a5f634e0: e9fb ffff 

  0x00000261a5f634e4: ;   {static_stub}
  0x00000261a5f634e4: ff48 bb00 | 0000 0000 

  0x00000261a5f634ec: ;   {runtime_call}
  0x00000261a5f634ec: 0000 00e9 | fbff ffff 

  0x00000261a5f634f4: ;   {static_stub}
  0x00000261a5f634f4: 48bb 0000 | 0000 0000 

  0x00000261a5f634fc: ;   {runtime_call}
  0x00000261a5f634fc: 0000 e9fb 

  0x00000261a5f63500: ;   {static_stub}
  0x00000261a5f63500: ffff ff48 | bb00 0000 | 0000 0000 

  0x00000261a5f6350c: ;   {runtime_call}
  0x00000261a5f6350c: 00e9 fbff 

  0x00000261a5f63510: ;   {static_stub}
  0x00000261a5f63510: ffff 48bb | 0000 0000 | 0000 0000 

  0x00000261a5f6351c: ;   {runtime_call}
  0x00000261a5f6351c: e9fb ffff 

  0x00000261a5f63520: ;   {static_stub}
  0x00000261a5f63520: ff48 bb00 | 0000 0000 

  0x00000261a5f63528: ;   {runtime_call}
  0x00000261a5f63528: 0000 00e9 | fbff ffff 

  0x00000261a5f63530: ;   {static_stub}
  0x00000261a5f63530: 48bb 0000 | 0000 0000 

  0x00000261a5f63538: ;   {runtime_call}
  0x00000261a5f63538: 0000 e9fb 

  0x00000261a5f6353c: ;   {static_stub}
  0x00000261a5f6353c: ffff ff48 | bb00 0000 | 0000 0000 

  0x00000261a5f63548: ;   {runtime_call}
  0x00000261a5f63548: 00e9 fbff 

  0x00000261a5f6354c: ;   {runtime_call ExceptionBlob}
  0x00000261a5f6354c: ffff e92d | e080 ffe8 | 0000 0000 | 4883 2c24 

  0x00000261a5f6355c: ;   {runtime_call DeoptimizationBlob}
  0x00000261a5f6355c: 05e9 be4a | 73ff f4f4 | f4f4 f4f4 
[/MachCode]


Compiled method (c2) 24278533 8484   !   4       java.io.PrintStream::writeln (81 bytes)
 total in heap  [0x00000261a5fe4890,0x00000261a5fe6948] = 8376
 relocation     [0x00000261a5fe49f0,0x00000261a5fe4bb8] = 456
 main code      [0x00000261a5fe4bc0,0x00000261a5fe5b60] = 4000
 stub code      [0x00000261a5fe5b60,0x00000261a5fe5c28] = 200
 oops           [0x00000261a5fe5c28,0x00000261a5fe5c30] = 8
 metadata       [0x00000261a5fe5c30,0x00000261a5fe5db0] = 384
 scopes data    [0x00000261a5fe5db0,0x00000261a5fe6320] = 1392
 scopes pcs     [0x00000261a5fe6320,0x00000261a5fe66c0] = 928
 dependencies   [0x00000261a5fe66c0,0x00000261a5fe6700] = 64
 handler table  [0x00000261a5fe6700,0x00000261a5fe68b0] = 432
 nul chk table  [0x00000261a5fe68b0,0x00000261a5fe6948] = 152

[Constant Pool (empty)]

[MachCode]
[Entry Point]
  # {method} {0x00000261b24649f8} 'writeln' '(Ljava/lang/String;)V' in 'java/io/PrintStream'
  # this:     rdx:rdx   = 'java/io/PrintStream'
  # parm0:    r8:r8     = 'java/lang/String'
  #           [sp+0x80]  (sp of caller)
  0x00000261a5fe4bc0: 448b 5208 | 49bb 0000 | 00b2 6102 | 0000 4d03 | d349 3bc2 

  0x00000261a5fe4bd4: ;   {runtime_call ic_miss_stub}
  0x00000261a5fe4bd4: 0f85 a69d | 6aff 6690 | 0f1f 4000 
[Verified Entry Point]
  0x00000261a5fe4be0: 8984 2400 | 80ff ff55 | 4883 ec70 | 4181 7f20 | 1600 0000 | 0f85 5c0f | 0000 4c89 | 4424 3048 
  0x00000261a5fe4c00: 8bda 448b | 5218 458b | 420c 418b | 700c 85f6 | 0f84 7407 | 0000 4c8b | d64d 8b9f | 8003 0000 
  0x00000261a5fe4c20: 4d8b 2b33 | c041 bb01 | 0000 00f0 | 440f b15e | 1041 0f94 | c345 0fb6 | db49 8bfd | 4585 db0f 
  0x00000261a5fe4c40: 84de 0200 | 0041 807f | 4000 0f85 | 5e03 0000 | 897e 0c4d | 8bdd 4d33 | da49 c1eb | 144d 85db 
  0x00000261a5fe4c60: 741a 49c1 | ea09 48b9 | 0060 0ead | 6102 0000 | 4903 ca80 | 3902 0f85 | 9803 0000 | 8b6b 1085 
  0x00000261a5fe4c80: ed0f 84cc | 0800 0044 | 8b43 2445 | 85c0 0f84 | 0c07 0000 | 4c8b 4c24 | 3045 8b51 | 1445 8b5a 
  0x00000261a5fe4ca0: 0c89 7c24 | 304c 896c | 2420 4889 | 5c24 2845 | 0fbe 5110 | c4c2 2af7 | fb49 8bd0 | 4d8b c145 
  0x00000261a5fe4cc0: 33c9 488b 

  0x00000261a5fe4cc4: ;   {optimized virtual_call}
  0x00000261a5fe4cc4: eb66 90e8 

  0x00000261a5fe4cc8: ; ImmutableOopMap {rbp=Oop [32]=Oop [40]=Oop [48]=NarrowOop }
                      ;*invokevirtual write {reexecute=0 rethrow=0 return_oop=0}
                      ; - java.io.Writer::write@7 (line 278)
                      ; - java.io.PrintStream::implWriteln@9 (line 846)
                      ; - java.io.PrintStream::writeln@16 (line 826)
  0x00000261a5fe4cc8: 14fc f0ff 

  0x00000261a5fe4ccc: ;   {other}
  0x00000261a5fe4ccc: 0f1f 8400 | 3c04 0000 | 488b cd44 | 8b59 2445 | 85db 0f84 | d406 0000 

  0x00000261a5fe4ce4: ;   {oop(a 'java/lang/Class'{0x00000000834b06e8} = 'java/lang/System')}
  0x00000261a5fe4ce4: 49ba e806 | 4b83 0000 | 0000 458b | 9294 0000 | 0045 8b4a | 1445 8b41 | 0c41 0fbe | 4a10 c4c2 
  0x00000261a5fe4d04: 72f7 f84d | 8bc2 498b | d345 33c9 

  0x00000261a5fe4d10: ;   {optimized virtual_call}
  0x00000261a5fe4d10: 6666 90e8 

  0x00000261a5fe4d14: ; ImmutableOopMap {rbp=Oop [32]=Oop [40]=Oop [48]=NarrowOop }
                      ;*invokevirtual write {reexecute=0 rethrow=0 return_oop=0}
                      ; - java.io.Writer::write@7 (line 278)
                      ; - java.io.BufferedWriter::newLine@4 (line 346)
                      ; - java.io.PrintStream::implWriteln@16 (line 847)
                      ; - java.io.PrintStream::writeln@16 (line 826)
  0x00000261a5fe4d14: c8fb f0ff 

  0x00000261a5fe4d18: ;   {other}
  0x00000261a5fe4d18: 0f1f 8400 | 8804 0001 | 4c8b d545 | 8b5a 2445 | 85db 0f84 | 9c06 0000 

  0x00000261a5fe4d30: ;   {optimized virtual_call}
  0x00000261a5fe4d30: 498b d3e8 

  0x00000261a5fe4d34: ; ImmutableOopMap {rbp=Oop [32]=Oop [40]=Oop [48]=NarrowOop }
                      ;*invokevirtual flushBuffer {reexecute=0 rethrow=0 return_oop=0}
                      ; - java.io.PrintStream::implWriteln@23 (line 848)
                      ; - java.io.PrintStream::writeln@16 (line 826)
  0x00000261a5fe4d34: 28b9 ffff 

  0x00000261a5fe4d38: ;   {other}
  0x00000261a5fe4d38: 0f1f 8400 | a804 0002 | 4c8b c545 | 8b50 2845 | 8b5a 1445 | 85db 0f84 | 8c06 0000 

  0x00000261a5fe4d54: ;   {optimized virtual_call}
  0x00000261a5fe4d54: 498b d3e8 

  0x00000261a5fe4d58: ; ImmutableOopMap {rbp=Oop [32]=Oop [40]=Oop [48]=NarrowOop }
                      ;*invokevirtual flushBuffer {reexecute=0 rethrow=0 return_oop=0}
                      ; - java.io.OutputStreamWriter::flushBuffer@4 (line 192)
                      ; - java.io.PrintStream::implWriteln@30 (line 849)
                      ; - java.io.PrintStream::writeln@16 (line 826)
  0x00000261a5fe4d58: 04cb f7ff 

  0x00000261a5fe4d5c: ;   {other}
  0x00000261a5fe4d5c: 0f1f 8400 | cc04 0003 | 488b fd0f | b66f 0d85 | ed0f 84f9 | 0700 008b | 6f10 448b 

  0x00000261a5fe4d78: ;   {metadata('java/io/BufferedOutputStream')}
  0x00000261a5fe4d78: 5d08 4181 | fbf0 f100 | 000f 85b5 | 0600 004c | 8bed 418b | 6d20 448b | 550c 418b | 5a0c 85db 
  0x00000261a5fe4d98: 0f84 5606 | 0000 33c0 | 41bb 0100 | 0000 f044 | 0fb1 5b10 | 410f 94c2 | 450f b6d2 | 4c8b c345 
  0x00000261a5fe4db8: 85d2 0f84 | a901 0000 | 4180 7f40 | 000f 8516 | 0200 0044 | 8b54 2430 | 4489 530c | 488b 7424 
  0x00000261a5fe4dd8: 204c 8bd6 | 4d8b d84d | 33d3 49c1 | ea14 4d85 | d274 1b49 | c1eb 0949 | b800 600e | ad61 0200 
  0x00000261a5fe4df8: 004d 03c3 | 4180 3802 | 0f85 5c02 | 0000 458b | 5518 4585 | d20f 8ea1 | 0600 0045 | 8b5d 2441 
  0x00000261a5fe4e18: 8b6d 1044 

  0x00000261a5fe4e1c: ;   {metadata('java/io/FileOutputStream')}
  0x00000261a5fe4e1c: 8b45 0841 | 81f8 9024 | 0100 0f85 | 2406 0000 | 4c8b c545 | 8b48 1045 | 0fb6 4919 

  0x00000261a5fe4e38: ;   {oop(a 'java/lang/Class'{0x00000000834b0d20} = 'jdk/internal/misc/VM')}
  0x00000261a5fe4e38: 48b9 200d | 4b83 0000 | 0000 8b89 | 9400 0000 | 83f9 047c | 1949 8b8f | 7803 0000 | 488b 298b 
  0x00000261a5fe4e58: ;   {metadata('jdk/internal/misc/CarrierThread')}
  0x00000261a5fe4e58: 5508 81fa | c0e6 1200 | 0f84 1606 | 0000 418b | c94d 8bc8 | 498b ed48 | 8974 2430 | 4889 7c24 
  0x00000261a5fe4e78: 284d 8bc3 | 498b d145 | 33c9 418b 

  0x00000261a5fe4e84: ;   {optimized virtual_call}
  0x00000261a5fe4e84: fa8b f1e8 

  0x00000261a5fe4e88: ; ImmutableOopMap {rbp=Oop [40]=Oop [48]=Oop }
                      ;*invokevirtual writeBytes {reexecute=0 rethrow=0 return_oop=0}
                      ; - java.io.FileOutputStream::write@25 (line 367)
                      ; - java.io.BufferedOutputStream::flushBuffer@20 (line 125)
                      ; - java.io.BufferedOutputStream::implFlush@1 (line 252)
                      ; - java.io.BufferedOutputStream::flush@15 (line 240)
                      ; - java.io.PrintStream::implWriteln@44 (line 851)
                      ; - java.io.PrintStream::writeln@16 (line 826)
  0x00000261a5fe4e88: b4a4 edff 

  0x00000261a5fe4e8c: ;   {other}
  0x00000261a5fe4e8c: 0f1f 8400 | fc05 0004 | 48c7 c2ff 

  0x00000261a5fe4e98: ;   {static_call}
  0x00000261a5fe4e98: ffff ffe8 

  0x00000261a5fe4e9c: ; ImmutableOopMap {rbp=Oop [40]=Oop [48]=Oop }
                      ;*invokestatic end {reexecute=0 rethrow=0 return_oop=0}
                      ; - java.io.FileOutputStream::write@30 (line 369)
                      ; - java.io.BufferedOutputStream::flushBuffer@20 (line 125)
                      ; - java.io.BufferedOutputStream::implFlush@1 (line 252)
                      ; - java.io.BufferedOutputStream::flush@15 (line 240)
                      ; - java.io.PrintStream::implWriteln@44 (line 851)
                      ; - java.io.PrintStream::writeln@16 (line 826)
  0x00000261a5fe4e9c: e0a9 6aff 

  0x00000261a5fe4ea0: ;   {other}
  0x00000261a5fe4ea0: 0f1f 8400 | 1006 0005 | 4489 6518 | 448b 5510 | 498b d266 | 9048 b8ff | ffff ffff 

  0x00000261a5fe4ebc: ;   {virtual_call}
  0x00000261a5fe4ebc: ffff ffe8 

  0x00000261a5fe4ec0: ; ImmutableOopMap {rbp=Oop [40]=Oop [48]=Oop }
                      ;*invokevirtual flush {reexecute=0 rethrow=0 return_oop=0}
                      ; - java.io.BufferedOutputStream::implFlush@8 (line 253)
                      ; - java.io.BufferedOutputStream::flush@15 (line 240)
                      ; - java.io.PrintStream::implWriteln@44 (line 851)
                      ; - java.io.PrintStream::writeln@16 (line 826)
  0x00000261a5fe4ec0: bca4 6aff 

  0x00000261a5fe4ec4: ;   {other}
  0x00000261a5fe4ec4: 0f1f 8400 | 3406 0006 | 448b 5520 | 4585 d20f | 8437 0500 | 0049 8bd2 

  0x00000261a5fe4edc: ;   {optimized virtual_call}
  0x00000261a5fe4edc: 6666 90e8 

  0x00000261a5fe4ee0: ; ImmutableOopMap {[40]=Oop [48]=Oop }
                      ;*invokevirtual unlock {reexecute=0 rethrow=0 return_oop=0}
                      ; - java.io.BufferedOutputStream::flush@22 (line 242)
                      ; - java.io.PrintStream::implWriteln@44 (line 851)
                      ; - java.io.PrintStream::writeln@16 (line 826)
  0x00000261a5fe4ee0: 9c9f 6aff 

  0x00000261a5fe4ee4: ;   {other}
  0x00000261a5fe4ee4: 0f1f 8400 | 5406 0007 | 488b 6c24 | 2844 8b5d | 1845 85db | 0f84 2a05 | 0000 498b 

  0x00000261a5fe4f00: ;   {optimized virtual_call}
  0x00000261a5fe4f00: d366 90e8 

  0x00000261a5fe4f04: ; ImmutableOopMap {rbp=Oop [48]=Oop }
                      ;*invokevirtual unlock {reexecute=0 rethrow=0 return_oop=0}
                      ; - java.io.PrintStream::writeln@23 (line 828)
  0x00000261a5fe4f04: 789f 6aff 

  0x00000261a5fe4f08: ;   {other}
  0x00000261a5fe4f08: 0f1f 8400 | 7806 0008 | 4883 c470 

  0x00000261a5fe4f14: ;   {poll_return}
  0x00000261a5fe4f14: 5d49 3ba7 | 4804 0000 | 0f87 1e0c | 0000 c344 | 8b46 0c4d | 8bd8 4d3b | dd0f 8481 | 0100 008b 
  0x00000261a5fe4f34: ef4c 896c | 2428 4889 | 5424 2049 | 8bd2 41b8 | 0100 0000 

  0x00000261a5fe4f48: ;   {optimized virtual_call}
  0x00000261a5fe4f48: 6666 90e8 

  0x00000261a5fe4f4c: ; ImmutableOopMap {rbp=NarrowOop [32]=Oop [40]=Oop [48]=Oop }
                      ;*invokevirtual acquire {reexecute=0 rethrow=0 return_oop=0}
                      ; - java.util.concurrent.locks.ReentrantLock$Sync::lock@9 (line 153)
                      ; - java.util.concurrent.locks.ReentrantLock::lock@4 (line 322)
                      ; - jdk.internal.misc.InternalLock::lock@4 (line 74)
                      ; - java.io.PrintStream::writeln@11 (line 824)
  0x00000261a5fe4f4c: 1003 ecff 

  0x00000261a5fe4f50: ;   {other}
  0x00000261a5fe4f50: 0f1f 8400 | c006 0009 | 488b 5c24 | 204c 8b6c | 2428 8bfd | e913 fdff | ff44 8b5b | 0c4d 8bd3 
  0x00000261a5fe4f70: 488b 7424 | 204c 3bd6 | 0f84 f901 | 0000 4c89 | 6c24 2048 | 8bee 498b | d041 b801 

  0x00000261a5fe4f8c: ;   {optimized virtual_call}
  0x00000261a5fe4f8c: 0000 00e8 

  0x00000261a5fe4f90: ; ImmutableOopMap {rbp=Oop [32]=Oop [40]=Oop }
                      ;*invokevirtual acquire {reexecute=0 rethrow=0 return_oop=0}
                      ; - java.util.concurrent.locks.ReentrantLock$Sync::lock@9 (line 153)
                      ; - java.util.concurrent.locks.ReentrantLock::lock@4 (line 322)
                      ; - jdk.internal.misc.InternalLock::lock@4 (line 74)
                      ; - java.io.BufferedOutputStream::flush@11 (line 238)
                      ; - java.io.PrintStream::implWriteln@44 (line 851)
                      ; - java.io.PrintStream::writeln@16 (line 826)
  0x00000261a5fe4f90: ec9e 6aff 

  0x00000261a5fe4f94: ;   {other}
  0x00000261a5fe4f94: 0f1f 8400 | 0407 000a | 488b 7c24 | 2848 8bf5 | 4c8b 6c24 | 20e9 58fe | ffff 448b | 5e0c 4585 
  0x00000261a5fe4fb4: db0f 8495 | fcff ff4d | 8b47 2849 | 8bcb 4d85 | c00f 843c | 0500 004d | 8b5f 384b | 894c 03f8 
  0x00000261a5fe4fd4: 4983 c0f8 | 4d89 4728 | e96f fcff | ff44 8b53 | 0c45 85d2 | 0f84 ddfd | ffff 4d8b | 5f28 498b 
  0x00000261a5fe4ff4: ca4d 85db | 0f84 3205 | 0000 4d8b | 5738 4b89 | 4c1a f849 | 83c3 f84d | 895f 28e9 | b7fd ffff 
  0x00000261a5fe5014: 4d8b 5748 | 4d8b 5f58 | f083 4424 | c000 8039 | 000f 8451 | fcff ff44 | 8821 4d85 | d275 1d49 
  0x00000261a5fe5034: 8bd7 49ba | c002 d189 | f97f 0000 

  0x00000261a5fe5040: ;   {other}
  0x00000261a5fe5040: 41ff d20f | 1f84 0000 | 0000 00e9 | 2cfc ffff | 4b89 4c13 | f849 83c2 | f84d 8957 | 48e9 1afc 
  0x00000261a5fe5060: ffff 4d8b | 5748 4d8b | 5f58 f083 | 4424 c000 | 4180 3800 | 0f84 8cfd | ffff 4588 | 204d 85d2 
  0x00000261a5fe5080: 7520 498b | c849 8bd7 | 49ba c002 | d189 f97f | 0000 41ff 

  0x00000261a5fe5094: ;   {other}
  0x00000261a5fe5094: d20f 1f84 | 0000 0000 | 00e9 64fd | ffff 4f89 | 4413 f849 | 83c2 f84d | 8957 48e9 | 52fd ffff 
  0x00000261a5fe50b4: 448b 5e10 | 41ff c345 | 85db 7c0f | 4489 5e10 | f083 4424 | c000 e9ad | fbff ff49 | 8b87 b801 
  0x00000261a5fe50d4: 0000 4c8b | d849 83c3 | 284d 3b9f | c801 0000 | 0f83 9e04 | 0000 4d89 | 9fb8 0100 | 0041 0f0d 
  0x00000261a5fe50f4: 8bc0 0000 | 0048 c700 | 0100 0000 | 4c8b d849 

  0x00000261a5fe5104: ;   {metadata('java/lang/Error')}
  0x00000261a5fe5104: 83c3 10c7 | 4008 c807 | 0100 4489 | 600c c5fd | efc0 41b9 | 0700 0000 | c4c1 7892 | f962 d1fe 
  0x00000261a5fe5124: 2f7f 0348 | 8954 2420 | 4c89 5424 | 384c 896c | 2428 4c8b | d04c 8954 | 2440 488b | 6c24 3049 
  0x00000261a5fe5144: ;   {oop("Maximum lock count exceeded"{0x0000000083742228})}
  0x00000261a5fe5144: 8bd2 49b8 | 2822 7483 | 0000 0000 | 48ff 7424 | 3848 8f44 

  0x00000261a5fe5158: ;   {optimized virtual_call}
  0x00000261a5fe5158: 2430 90e8 

  0x00000261a5fe515c: ; ImmutableOopMap {rbp=Oop [32]=Oop [40]=Oop [48]=Oop [64]=Oop }
                      ;*invokespecial <init> {reexecute=0 rethrow=0 return_oop=0}
                      ; - java.util.concurrent.locks.ReentrantLock$NonfairSync::initialTryLock@45 (line 231)
                      ; - java.util.concurrent.locks.ReentrantLock$Sync::lock@1 (line 152)
                      ; - java.util.concurrent.locks.ReentrantLock::lock@4 (line 322)
                      ; - jdk.internal.misc.InternalLock::lock@4 (line 74)
                      ; - java.io.PrintStream::writeln@11 (line 824)
  0x00000261a5fe515c: 209d 6aff 

  0x00000261a5fe5160: ;   {other}
  0x00000261a5fe5160: 0f1f 8400 | d008 000b | 488b 5424 | 4048 83c4 

  0x00000261a5fe5170: ;   {runtime_call _rethrow_Java}
  0x00000261a5fe5170: 705d e989 | d978 ff44 | 8b53 1041 | ffc2 4585 | d20f 8d2e | 0100 0049 | 8b87 b801 | 0000 4c8b 
  0x00000261a5fe5190: d049 83c2 | 284d 3b97 | c801 0000 | 0f83 1704 | 0000 4d89 | 97b8 0100 | 004c 8bd8 | 4983 c310 
  0x00000261a5fe51b0: 48c7 0001 | 0000 0041 | 0f0d 8ac0 

  0x00000261a5fe51bc: ;   {metadata('java/lang/Error')}
  0x00000261a5fe51bc: 0000 00c7 | 4008 c807 | 0100 4489 | 600c c5fd | efc0 41ba | 0700 0000 | c4c1 7892 | fa62 d1fe 
  0x00000261a5fe51dc: 2f7f 0348 | 8bee 4c89 | 6c24 204c | 8944 2430 | 4c8b d04c | 8954 2438 

  0x00000261a5fe51f4: ;   {oop("Maximum lock count exceeded"{0x0000000083742228})}
  0x00000261a5fe51f4: 498b d249 | b828 2274 | 8300 0000 

  0x00000261a5fe5200: ;   {optimized virtual_call}
  0x00000261a5fe5200: 0066 90e8 

  0x00000261a5fe5204: ; ImmutableOopMap {rbp=Oop [32]=Oop [40]=Oop [48]=Oop [56]=Oop }
                      ;*invokespecial <init> {reexecute=0 rethrow=0 return_oop=0}
                      ; - java.util.concurrent.locks.ReentrantLock$NonfairSync::initialTryLock@45 (line 231)
                      ; - java.util.concurrent.locks.ReentrantLock$Sync::lock@1 (line 152)
                      ; - java.util.concurrent.locks.ReentrantLock::lock@4 (line 322)
                      ; - jdk.internal.misc.InternalLock::lock@4 (line 74)
                      ; - java.io.BufferedOutputStream::flush@11 (line 238)
                      ; - java.io.PrintStream::implWriteln@44 (line 851)
                      ; - java.io.PrintStream::writeln@16 (line 826)
  0x00000261a5fe5204: 789c 6aff 

  0x00000261a5fe5208: ;   {other}
  0x00000261a5fe5208: 0f1f 8400 | 7809 000c | 48ff 7424 | 3848 8f44 | 2430 4c8b | d54c 8b5c | 2428 458b | 4b18 458b 
  0x00000261a5fe5228: 410c 418b | 580c 8b73 | 108b 6b0c | 4c8b c54d | 3bc2 0f85 | d303 0000 | 83fe 010f | 8537 0300 
  0x00000261a5fe5248: 0041 807f | 4000 0f85 | 8002 0000 | 4489 630c | 41b9 0100 | 0000 ffce | 8973 10f0 | 8344 24c0 
  0x00000261a5fe5268: 0045 85c9 | 7409 448b | 4314 4585 | c075 6e48 | 8b4c 2430 | 448b 4108 | 49b9 0000 | 00b2 6102 
  0x00000261a5fe5288: 0000 4d03 | c84d 8b41 

  0x00000261a5fe5290: ;   {metadata('java/io/InterruptedIOException')}
  0x00000261a5fe5290: 5048 bb20 | 0236 b361 | 0200 004c | 3bc3 7524 

  0x00000261a5fe52a0: ;   {optimized virtual_call}
  0x00000261a5fe52a0: 498b d2e8 

  0x00000261a5fe52a4: ; ImmutableOopMap {}
                      ;*invokevirtual interrupt {reexecute=0 rethrow=0 return_oop=0}
                      ; - java.io.PrintStream::writeln@68 (line 837)
  0x00000261a5fe52a4: d89b 6aff 

  0x00000261a5fe52a8: ;   {other}
  0x00000261a5fe52a8: 0f1f 8400 | 180a 000d | e95b fcff | ff44 8953 | 10f0 8344 | 24c0 00e9 | 42fb ffff | 4d8b 5148 
  0x00000261a5fe52c8: ;   {metadata('java/io/IOException')}
  0x00000261a5fe52c8: 49b8 284a | 05b3 6102 | 0000 4d3b | d00f 85a2 | 0000 0041 | c643 0e01 | e92b fcff | ff41 8b48 
  0x00000261a5fe52e8: 1485 c974 | 8a44 8b49 | 0c45 85c9 | 0f84 7dff | ffff 8b41 | 0c44 8bc0 | 4183 e0fe | f044 0fb1 
  0x00000261a5fe5308: 410c 400f | 94c5 400f | b6ed 85ed | 0f84 4203 | 0000 8b69 | 1885 ed0f | 8452 ffff | ff44 8b45 
  0x00000261a5fe5328: 0849 b900 | 0000 b261 | 0200 004d | 03c8 4d8b 

  0x00000261a5fe5338: ;   {metadata('java/lang/BaseVirtualThread')}
  0x00000261a5fe5338: 4140 49b9 | 0098 02b2 | 6102 0000 | 4d3b c10f | 84f7 0200 | 004c 8954 | 2428 4c8b 

  0x00000261a5fe5354: ;   {oop(a 'jdk/internal/misc/Unsafe'{0x00000000834008d8})}
  0x00000261a5fe5354: c548 bad8 | 0840 8300 | 0000 0049 

  0x00000261a5fe5360: ;   {optimized virtual_call}
  0x00000261a5fe5360: 8beb 90e8 

  0x00000261a5fe5364: ; ImmutableOopMap {rbp=Oop [40]=Oop [48]=Oop }
                      ;*invokevirtual unpark {reexecute=0 rethrow=0 return_oop=0}
                      ; - java.util.concurrent.locks.LockSupport::unpark@22 (line 181)
                      ; - java.util.concurrent.locks.AbstractQueuedSynchronizer::signalNext@30 (line 645)
                      ; - java.util.concurrent.locks.AbstractQueuedSynchronizer::release@12 (line 1060)
                      ; - java.util.concurrent.locks.ReentrantLock::unlock@5 (line 494)
                      ; - jdk.internal.misc.InternalLock::unlock@4 (line 78)
                      ; - java.io.PrintStream::writeln@34 (line 828)
  0x00000261a5fe5364: d8e7 d3ff 

  0x00000261a5fe5368: ;   {other}
  0x00000261a5fe5368: 0f1f 8400 | d80a 000e | 4c8b dd4c | 8b54 2428 | e9fa feff | ff48 8b44 | 2430 488b | d0e9 e3fd 
  0x00000261a5fe5388: ffff baf6 | ffff ff48 

  0x00000261a5fe5390: ;   {runtime_call UncommonTrapBlob}
  0x00000261a5fe5390: 8beb 90e8 

  0x00000261a5fe5394: ; ImmutableOopMap {rbp=Oop [48]=Oop }
                      ;*invokevirtual lock {reexecute=0 rethrow=0 return_oop=0}
                      ; - java.util.concurrent.locks.ReentrantLock::lock@4 (line 322)
                      ; - jdk.internal.misc.InternalLock::lock@4 (line 74)
                      ; - java.io.PrintStream::writeln@11 (line 824)
  0x00000261a5fe5394: 6829 6bff 

  0x00000261a5fe5398: ;   {other}
  0x00000261a5fe5398: 0f1f 8400 | 080b 000f | baf6 ffff | ff48 8beb 

  0x00000261a5fe53a8: ;   {runtime_call UncommonTrapBlob}
  0x00000261a5fe53a8: 6666 90e8 

  0x00000261a5fe53ac: ; ImmutableOopMap {rbp=Oop [48]=Oop }
                      ;*invokevirtual write {reexecute=0 rethrow=0 return_oop=0}
                      ; - java.io.PrintStream::implWriteln@9 (line 846)
                      ; - java.io.PrintStream::writeln@16 (line 826)
  0x00000261a5fe53ac: 5029 6bff 

  0x00000261a5fe53b0: ;   {other}
  0x00000261a5fe53b0: 0f1f 8400 | 200b 0010 | baf6 ffff 

  0x00000261a5fe53bc: ;   {runtime_call UncommonTrapBlob}
  0x00000261a5fe53bc: ff66 90e8 

  0x00000261a5fe53c0: ; ImmutableOopMap {rbp=Oop }
                      ;*invokevirtual newLine {reexecute=0 rethrow=0 return_oop=0}
                      ; - java.io.PrintStream::implWriteln@16 (line 847)
                      ; - java.io.PrintStream::writeln@16 (line 826)
  0x00000261a5fe53c0: 3c29 6bff 

  0x00000261a5fe53c4: ;   {other}
  0x00000261a5fe53c4: 0f1f 8400 | 340b 0011 | baf6 ffff 

  0x00000261a5fe53d0: ;   {runtime_call UncommonTrapBlob}
  0x00000261a5fe53d0: ff66 90e8 

  0x00000261a5fe53d4: ; ImmutableOopMap {rbp=Oop }
                      ;*invokevirtual flushBuffer {reexecute=0 rethrow=0 return_oop=0}
                      ; - java.io.PrintStream::implWriteln@23 (line 848)
                      ; - java.io.PrintStream::writeln@16 (line 826)
  0x00000261a5fe53d4: 2829 6bff 

  0x00000261a5fe53d8: ;   {other}
  0x00000261a5fe53d8: 0f1f 8400 | 480b 0012 | baf6 ffff 

  0x00000261a5fe53e4: ;   {runtime_call UncommonTrapBlob}
  0x00000261a5fe53e4: ff66 90e8 

  0x00000261a5fe53e8: ; ImmutableOopMap {rbp=Oop }
                      ;*invokevirtual flushBuffer {reexecute=0 rethrow=0 return_oop=0}
                      ; - java.io.OutputStreamWriter::flushBuffer@4 (line 192)
                      ; - java.io.PrintStream::implWriteln@30 (line 849)
                      ; - java.io.PrintStream::writeln@16 (line 826)
  0x00000261a5fe53e8: 1429 6bff 

  0x00000261a5fe53ec: ;   {other}
  0x00000261a5fe53ec: 0f1f 8400 | 5c0b 0013 | baf6 ffff | ff48 8bef | 4c89 6c24 

  0x00000261a5fe5400: ;   {runtime_call UncommonTrapBlob}
  0x00000261a5fe5400: 2066 90e8 

  0x00000261a5fe5404: ; ImmutableOopMap {rbp=Oop [32]=Oop }
                      ;*invokevirtual lock {reexecute=0 rethrow=0 return_oop=0}
                      ; - java.util.concurrent.locks.ReentrantLock::lock@4 (line 322)
                      ; - jdk.internal.misc.InternalLock::lock@4 (line 74)
                      ; - java.io.BufferedOutputStream::flush@11 (line 238)
                      ; - java.io.PrintStream::implWriteln@44 (line 851)
                      ; - java.io.PrintStream::writeln@16 (line 826)
  0x00000261a5fe5404: f828 6bff 

  0x00000261a5fe5408: ;   {other}
  0x00000261a5fe5408: 0f1f 8400 | 780b 0014 | baf6 ffff | ff48 8b6c 

  0x00000261a5fe5418: ;   {runtime_call UncommonTrapBlob}
  0x00000261a5fe5418: 2428 90e8 

  0x00000261a5fe541c: ; ImmutableOopMap {rbp=Oop }
                      ;*invokevirtual unlock {reexecute=0 rethrow=0 return_oop=0}
                      ; - java.io.BufferedOutputStream::flush@22 (line 242)
                      ; - java.io.PrintStream::implWriteln@44 (line 851)
                      ; - java.io.PrintStream::writeln@16 (line 826)
  0x00000261a5fe541c: e028 6bff 

  0x00000261a5fe5420: ;   {other}
  0x00000261a5fe5420: 0f1f 8400 | 900b 0015 | baf6 ffff 

  0x00000261a5fe542c: ;   {runtime_call UncommonTrapBlob}
  0x00000261a5fe542c: ff66 90e8 

  0x00000261a5fe5430: ; ImmutableOopMap {rbp=Oop }
                      ;*invokevirtual unlock {reexecute=0 rethrow=0 return_oop=0}
                      ; - java.io.PrintStream::writeln@23 (line 828)
  0x00000261a5fe5430: cc28 6bff 

  0x00000261a5fe5434: ;   {other}
  0x00000261a5fe5434: 0f1f 8400 | a40b 0016 | bade ffff 

  0x00000261a5fe5440: ;   {runtime_call UncommonTrapBlob}
  0x00000261a5fe5440: ff66 90e8 

  0x00000261a5fe5444: ; ImmutableOopMap {rbp=NarrowOop [40]=Oop }
                      ;*invokevirtual flush {reexecute=0 rethrow=0 return_oop=0}
                      ; - java.io.PrintStream::implWriteln@44 (line 851)
                      ; - java.io.PrintStream::writeln@16 (line 826)
  0x00000261a5fe5444: b828 6bff 

  0x00000261a5fe5448: ;   {other}
  0x00000261a5fe5448: 0f1f 8400 | b80b 0017 | bade ffff | ff48 897c | 2420 4c89 | 6c24 304c | 896c 2438 | 4489 5c24 
  0x00000261a5fe5468: 4044 8954 

  0x00000261a5fe546c: ;   {runtime_call UncommonTrapBlob}
  0x00000261a5fe546c: 2444 90e8 

  0x00000261a5fe5470: ; ImmutableOopMap {rbp=NarrowOop [32]=Oop [48]=Oop [56]=Oop [64]=NarrowOop }
                      ;*invokevirtual write {reexecute=0 rethrow=0 return_oop=0}
                      ; - java.io.BufferedOutputStream::flushBuffer@20 (line 125)
                      ; - java.io.BufferedOutputStream::implFlush@1 (line 252)
                      ; - java.io.BufferedOutputStream::flush@15 (line 240)
                      ; - java.io.PrintStream::implWriteln@44 (line 851)
                      ; - java.io.PrintStream::writeln@16 (line 826)
  0x00000261a5fe5470: 8c28 6bff 

  0x00000261a5fe5474: ;   {other}
  0x00000261a5fe5474: 0f1f 8400 | e40b 0018 | ba45 ffff | ff48 897c | 2420 4c89 | 6c24 304c | 896c 2438 | 4c89 4424 
  0x00000261a5fe5494: 4044 895c | 2448 4489 | 5424 4c44 | 894c 2450 

  0x00000261a5fe54a4: ;   {runtime_call UncommonTrapBlob}
  0x00000261a5fe54a4: 6666 90e8 

  0x00000261a5fe54a8: ; ImmutableOopMap {rbp=Oop [32]=Oop [48]=Oop [56]=Oop [64]=Oop [72]=NarrowOop }
                      ;*ifeq {reexecute=1 rethrow=0 return_oop=0}
                      ; - (reexecute) jdk.internal.misc.Blocker::begin@14 (line 70)
                      ; - java.io.FileOutputStream::write@14 (line 365)
                      ; - java.io.BufferedOutputStream::flushBuffer@20 (line 125)
                      ; - java.io.BufferedOutputStream::implFlush@1 (line 252)
                      ; - java.io.BufferedOutputStream::flush@15 (line 240)
                      ; - java.io.PrintStream::implWriteln@44 (line 851)
                      ; - java.io.PrintStream::writeln@16 (line 826)
  0x00000261a5fe54a8: 5428 6bff 

  0x00000261a5fe54ac: ;   {other}
  0x00000261a5fe54ac: 0f1f 8400 | 1c0c 0019 | ba45 ffff | ff48 8bef | 4c89 6c24 | 2844 8954 

  0x00000261a5fe54c4: ;   {runtime_call UncommonTrapBlob}
  0x00000261a5fe54c4: 2430 90e8 

  0x00000261a5fe54c8: ; ImmutableOopMap {rbp=Oop [40]=Oop }
                      ;*ifle {reexecute=1 rethrow=0 return_oop=0}
                      ; - (reexecute) java.io.BufferedOutputStream::flushBuffer@4 (line 124)
                      ; - java.io.BufferedOutputStream::implFlush@1 (line 252)
                      ; - java.io.BufferedOutputStream::flush@15 (line 240)
                      ; - java.io.PrintStream::implWriteln@44 (line 851)
                      ; - java.io.PrintStream::writeln@16 (line 826)
  0x00000261a5fe54c8: 3428 6bff 

  0x00000261a5fe54cc: ;   {other}
  0x00000261a5fe54cc: 0f1f 8400 | 3c0c 001a | 448b 430c | 4585 c00f | 8473 fdff | ff4d 8b4f | 2849 8bc8 | 4d85 c90f 
  0x00000261a5fe54ec: 84f4 0000 | 004d 8b47 | 384b 894c | 08f8 4983 | c1f8 4d89 | 4f28 e94d | fdff ff44 | 8bf7 498b 
  0x00000261a5fe550c: fa49 8bd7 | 49ba e002 | d189 f97f | 0000 41ff 

  0x00000261a5fe551c: ;   {other}
  0x00000261a5fe551c: d20f 1f84 | 0000 0000 | 004c 8bd7 | 418b fee9 | 20f7 ffff | 498b e849 | 8bd7 49ba | e002 d189 
  0x00000261a5fe553c: f97f 0000 

  0x00000261a5fe5540: ;   {other}
  0x00000261a5fe5540: 41ff d20f | 1f84 0000 | 0000 004c | 8bc5 e978 | f8ff ffba | 45ff ffff | 4889 5c24 

  0x00000261a5fe555c: ;   {runtime_call UncommonTrapBlob}
  0x00000261a5fe555c: 2866 90e8 

  0x00000261a5fe5560: ; ImmutableOopMap {rbp=NarrowOop [40]=Oop [48]=Oop }
                      ;*ifnonnull {reexecute=1 rethrow=0 return_oop=0}
                      ; - (reexecute) java.io.PrintStream::ensureOpen@4 (line 435)
                      ; - java.io.PrintStream::implWriteln@1 (line 845)
                      ; - java.io.PrintStream::writeln@16 (line 826)
  0x00000261a5fe5560: 9c27 6bff 

  0x00000261a5fe5564: ;   {other}
  0x00000261a5fe5564: 0f1f 8400 | d40c 001b | ba45 ffff 

  0x00000261a5fe5570: ;   {runtime_call UncommonTrapBlob}
  0x00000261a5fe5570: ff66 90e8 

  0x00000261a5fe5574: ; ImmutableOopMap {[40]=Oop }
                      ;*ifeq {reexecute=1 rethrow=0 return_oop=0}
                      ; - (reexecute) java.io.PrintStream::implWriteln@37 (line 850)
                      ; - java.io.PrintStream::writeln@16 (line 826)
  0x00000261a5fe5574: 8827 6bff 

  0x00000261a5fe5578: ;   {other}
  0x00000261a5fe5578: 0f1f 8400 | e80c 001c | 4533 c9e9 | d6fc ffff | 4c89 6c24 | 284c 8954 | 2438 4889 

  0x00000261a5fe5594: ;   {metadata('java/lang/Error')}
  0x00000261a5fe5594: 5424 2048 | bac8 0701 | b261 0200 | 0048 8beb 

  0x00000261a5fe55a4: ;   {runtime_call _new_instance_Java}
  0x00000261a5fe55a4: 6666 90e8 

  0x00000261a5fe55a8: ; ImmutableOopMap {rbp=Oop [32]=Oop [40]=Oop [48]=Oop [56]=Oop }
                      ;*new {reexecute=0 rethrow=0 return_oop=1}
                      ; - java.util.concurrent.locks.ReentrantLock$NonfairSync::initialTryLock@39 (line 231)
                      ; - java.util.concurrent.locks.ReentrantLock$Sync::lock@1 (line 152)
                      ; - java.util.concurrent.locks.ReentrantLock::lock@4 (line 322)
                      ; - jdk.internal.misc.InternalLock::lock@4 (line 74)
                      ; - java.io.PrintStream::writeln@11 (line 824)
  0x00000261a5fe55a8: 54b6 78ff 

  0x00000261a5fe55ac: ;   {other}
  0x00000261a5fe55ac: 0f1f 8400 | 1c0d 001d | e97d fbff | ff4c 8944 | 2430 4c89 | 6c24 2048 

  0x00000261a5fe55c4: ;   {metadata('java/lang/Error')}
  0x00000261a5fe55c4: 8bee 48ba | c807 01b2 | 6102 0000 

  0x00000261a5fe55d0: ;   {runtime_call _new_instance_Java}
  0x00000261a5fe55d0: 6666 90e8 

  0x00000261a5fe55d4: ; ImmutableOopMap {rbp=Oop [32]=Oop [40]=Oop [48]=Oop }
                      ;*new {reexecute=0 rethrow=0 return_oop=1}
                      ; - java.util.concurrent.locks.ReentrantLock$NonfairSync::initialTryLock@39 (line 231)
                      ; - java.util.concurrent.locks.ReentrantLock$Sync::lock@1 (line 152)
                      ; - java.util.concurrent.locks.ReentrantLock::lock@4 (line 322)
                      ; - jdk.internal.misc.InternalLock::lock@4 (line 74)
                      ; - java.io.BufferedOutputStream::flush@11 (line 238)
                      ; - java.io.PrintStream::implWriteln@44 (line 851)
                      ; - java.io.PrintStream::writeln@16 (line 826)
  0x00000261a5fe55d4: 28b6 78ff 

  0x00000261a5fe55d8: ;   {other}
  0x00000261a5fe55d8: 0f1f 8400 | 480d 001e | e907 fcff | ff44 8beb | 498b fa49 | 8bd7 49ba | e002 d189 | f97f 0000 
  0x00000261a5fe55f8: ;   {other}
  0x00000261a5fe55f8: 41ff d20f | 1f84 0000 | 0000 004c | 8b5c 2428 | 4c8b d741 | 8bdd e941 | fcff ffba | 45ff ffff 
  0x00000261a5fe5618: 48ff 7424 | 2848 8f44 | 2420 48ff | 7424 3048 | 8f44 2428 | 895c 2430 | 4c89 5424 

  0x00000261a5fe5634: ;   {runtime_call UncommonTrapBlob}
  0x00000261a5fe5634: 3866 90e8 

  0x00000261a5fe5638: ; ImmutableOopMap {rbp=NarrowOop [32]=Oop [40]=Oop [48]=NarrowOop [56]=Oop }
                      ;*if_acmpeq {reexecute=1 rethrow=0 return_oop=0}
                      ; - (reexecute) java.util.concurrent.locks.ReentrantLock$Sync::tryRelease@14 (line 174)
                      ; - java.util.concurrent.locks.AbstractQueuedSynchronizer::release@2 (line 1059)
                      ; - java.util.concurrent.locks.ReentrantLock::unlock@5 (line 494)
                      ; - jdk.internal.misc.InternalLock::unlock@4 (line 78)
                      ; - java.io.PrintStream::writeln@34 (line 828)
  0x00000261a5fe5638: c426 6bff 

  0x00000261a5fe563c: ;   {other}
  0x00000261a5fe563c: 0f1f 8400 | ac0d 001f | ba45 ffff | ff4c 895c 

  0x00000261a5fe564c: ;   {runtime_call UncommonTrapBlob}
  0x00000261a5fe564c: 2420 90e8 

  0x00000261a5fe5650: ; ImmutableOopMap {rbp=NarrowOop [32]=Oop [48]=Oop }
                      ;*ifeq {reexecute=1 rethrow=0 return_oop=0}
                      ; - (reexecute) java.util.concurrent.locks.LockSupport::unpark@8 (line 178)
                      ; - java.util.concurrent.locks.AbstractQueuedSynchronizer::signalNext@30 (line 645)
                      ; - java.util.concurrent.locks.AbstractQueuedSynchronizer::release@12 (line 1060)
                      ; - java.util.concurrent.locks.ReentrantLock::unlock@5 (line 494)
                      ; - jdk.internal.misc.InternalLock::unlock@4 (line 78)
                      ; - java.io.PrintStream::writeln@34 (line 828)
  0x00000261a5fe5650: ac26 6bff 

  0x00000261a5fe5654: ;   {other}
  0x00000261a5fe5654: 0f1f 8400 | c40d 0020 | ba45 ffff | ff4c 895c | 2420 48ff | 7424 3048 | 8f44 2428 | 894c 2434 
  0x00000261a5fe5674: ;   {runtime_call UncommonTrapBlob}
  0x00000261a5fe5674: 6666 90e8 

  0x00000261a5fe5678: ; ImmutableOopMap {[32]=Oop [40]=Oop [52]=NarrowOop }
                      ;*ifeq {reexecute=1 rethrow=0 return_oop=0}
                      ; - (reexecute) jdk.internal.misc.Unsafe::getAndBitwiseAndInt@21 (line 3233)
                      ; - java.util.concurrent.locks.AbstractQueuedSynchronizer$Node::getAndUnsetStatus@10 (line 481)
                      ; - java.util.concurrent.locks.AbstractQueuedSynchronizer::signalNext@22 (line 644)
                      ; - java.util.concurrent.locks.AbstractQueuedSynchronizer::release@12 (line 1060)
                      ; - java.util.concurrent.locks.ReentrantLock::unlock@5 (line 494)
                      ; - jdk.internal.misc.InternalLock::unlock@4 (line 78)
                      ; - java.io.PrintStream::writeln@34 (line 828)
  0x00000261a5fe5678: 8426 6bff 

  0x00000261a5fe567c: ;   {other}
  0x00000261a5fe567c: 0f1f 8400 | ec0d 0021 | 448b 5008 | 49bb 0000 | 00b2 6102 | 0000 4d03 | da4d 8b53 

  0x00000261a5fe5698: ;   {metadata('java/io/InterruptedIOException')}
  0x00000261a5fe5698: 5049 b820 | 0236 b361 | 0200 004d | 3bd0 750a | 4c8b 5424 | 30e9 eefb | ffff 4d8b 

  0x00000261a5fe56b4: ;   {metadata('java/io/IOException')}
  0x00000261a5fe56b4: 5348 49bb | 284a 05b3 | 6102 0000 | 4d3b d30f | 85b9 fcff | ff4c 8bdd | e90a fcff | ffba f6ff 
  0x00000261a5fe56d4: ffff 488b 

  0x00000261a5fe56d8: ;   {runtime_call UncommonTrapBlob}
  0x00000261a5fe56d8: eb66 90e8 

  0x00000261a5fe56dc: ; ImmutableOopMap {rbp=Oop [48]=Oop }
                      ;*invokevirtual lock {reexecute=0 rethrow=0 return_oop=0}
                      ; - jdk.internal.misc.InternalLock::lock@4 (line 74)
                      ; - java.io.PrintStream::writeln@11 (line 824)
  0x00000261a5fe56dc: 2026 6bff 

  0x00000261a5fe56e0: ;   {other}
  0x00000261a5fe56e0: 0f1f 8400 | 500e 0022 | baf6 ffff | ff48 8beb 

  0x00000261a5fe56f0: ;   {runtime_call UncommonTrapBlob}
  0x00000261a5fe56f0: 6666 90e8 

  0x00000261a5fe56f4: ; ImmutableOopMap {rbp=Oop }
                      ;*invokevirtual length {reexecute=0 rethrow=0 return_oop=0}
                      ; - java.io.Writer::write@4 (line 278)
                      ; - java.io.PrintStream::implWriteln@9 (line 846)
                      ; - java.io.PrintStream::writeln@16 (line 826)
  0x00000261a5fe56f4: 0826 6bff 

  0x00000261a5fe56f8: ;   {other}
  0x00000261a5fe56f8: 0f1f 8400 | 680e 0023 | baf6 ffff | ff48 8beb 

  0x00000261a5fe5708: ;   {runtime_call UncommonTrapBlob}
  0x00000261a5fe5708: 6666 90e8 

  0x00000261a5fe570c: ; ImmutableOopMap {rbp=Oop }
                      ;*arraylength {reexecute=0 rethrow=0 return_oop=0}
                      ; - java.lang.String::length@4 (line 1519)
                      ; - java.io.Writer::write@4 (line 278)
                      ; - java.io.PrintStream::implWriteln@9 (line 846)
                      ; - java.io.PrintStream::writeln@16 (line 826)
  0x00000261a5fe570c: f025 6bff 

  0x00000261a5fe5710: ;   {other}
  0x00000261a5fe5710: 0f1f 8400 | 800e 0024 | baf6 ffff 

  0x00000261a5fe571c: ;   {runtime_call UncommonTrapBlob}
  0x00000261a5fe571c: ff66 90e8 

  0x00000261a5fe5720: ; ImmutableOopMap {rbp=Oop }
                      ;*invokevirtual length {reexecute=0 rethrow=0 return_oop=0}
                      ; - java.io.Writer::write@4 (line 278)
                      ; - java.io.BufferedWriter::newLine@4 (line 346)
                      ; - java.io.PrintStream::implWriteln@16 (line 847)
                      ; - java.io.PrintStream::writeln@16 (line 826)
  0x00000261a5fe5720: dc25 6bff 

  0x00000261a5fe5724: ;   {other}
  0x00000261a5fe5724: 0f1f 8400 | 940e 0025 | baf6 ffff 

  0x00000261a5fe5730: ;   {runtime_call UncommonTrapBlob}
  0x00000261a5fe5730: ff66 90e8 

  0x00000261a5fe5734: ; ImmutableOopMap {rbp=Oop }
                      ;*arraylength {reexecute=0 rethrow=0 return_oop=0}
                      ; - java.lang.String::length@4 (line 1519)
                      ; - java.io.Writer::write@4 (line 278)
                      ; - java.io.BufferedWriter::newLine@4 (line 346)
                      ; - java.io.PrintStream::implWriteln@16 (line 847)
                      ; - java.io.PrintStream::writeln@16 (line 826)
  0x00000261a5fe5734: c825 6bff 

  0x00000261a5fe5738: ;   {other}
  0x00000261a5fe5738: 0f1f 8400 | a80e 0026 | baf6 ffff 

  0x00000261a5fe5744: ;   {runtime_call UncommonTrapBlob}
  0x00000261a5fe5744: ff66 90e8 

  0x00000261a5fe5748: ; ImmutableOopMap {rbp=Oop }
                      ;*invokevirtual flushBuffer {reexecute=0 rethrow=0 return_oop=0}
                      ; - java.io.PrintStream::implWriteln@30 (line 849)
                      ; - java.io.PrintStream::writeln@16 (line 826)
  0x00000261a5fe5748: b425 6bff 

  0x00000261a5fe574c: ;   {other}
  0x00000261a5fe574c: 0f1f 8400 | bc0e 0027 | baf6 ffff | ff48 8bef 

  0x00000261a5fe575c: ;   {runtime_call UncommonTrapBlob}
  0x00000261a5fe575c: 6666 90e8 

  0x00000261a5fe5760: ; ImmutableOopMap {rbp=Oop }
                      ;*invokevirtual flush {reexecute=0 rethrow=0 return_oop=0}
                      ; - java.io.PrintStream::implWriteln@44 (line 851)
                      ; - java.io.PrintStream::writeln@16 (line 826)
  0x00000261a5fe5760: 9c25 6bff 

  0x00000261a5fe5764: ;   {other}
  0x00000261a5fe5764: 0f1f 8400 | d40e 0028 | baf6 ffff | ff48 8bef | 4c89 6c24 

  0x00000261a5fe5778: ;   {runtime_call UncommonTrapBlob}
  0x00000261a5fe5778: 2066 90e8 

  0x00000261a5fe577c: ; ImmutableOopMap {rbp=Oop [32]=Oop }
                      ;*invokevirtual lock {reexecute=0 rethrow=0 return_oop=0}
                      ; - jdk.internal.misc.InternalLock::lock@4 (line 74)
                      ; - java.io.BufferedOutputStream::flush@11 (line 238)
                      ; - java.io.PrintStream::implWriteln@44 (line 851)
                      ; - java.io.PrintStream::writeln@16 (line 826)
  0x00000261a5fe577c: 8025 6bff 

  0x00000261a5fe5780: ;   {other}
  0x00000261a5fe5780: 0f1f 8400 | f00e 0029 | baf6 ffff | ff48 8bef | 4c89 6c24 | 2044 895c | 2428 4489 

  0x00000261a5fe579c: ;   {runtime_call UncommonTrapBlob}
  0x00000261a5fe579c: 5424 2ce8 

  0x00000261a5fe57a0: ; ImmutableOopMap {rbp=Oop [32]=Oop [40]=NarrowOop }
                      ;*invokevirtual write {reexecute=0 rethrow=0 return_oop=0}
                      ; - java.io.BufferedOutputStream::flushBuffer@20 (line 125)
                      ; - java.io.BufferedOutputStream::implFlush@1 (line 252)
                      ; - java.io.BufferedOutputStream::flush@15 (line 240)
                      ; - java.io.PrintStream::implWriteln@44 (line 851)
                      ; - java.io.PrintStream::writeln@16 (line 826)
  0x00000261a5fe57a0: 5c25 6bff 

  0x00000261a5fe57a4: ;   {other}
  0x00000261a5fe57a4: 0f1f 8400 | 140f 002a | baf6 ffff | ff48 8bef | 4c89 6c24 | 284c 896c | 2430 4c89 | 4424 3844 
  0x00000261a5fe57c4: 895c 2440 | 4489 5424 

  0x00000261a5fe57cc: ;   {runtime_call UncommonTrapBlob}
  0x00000261a5fe57cc: 4466 90e8 

  0x00000261a5fe57d0: ; ImmutableOopMap {rbp=Oop [40]=Oop [48]=Oop [56]=Oop [64]=NarrowOop }
                      ;*getfield append {reexecute=1 rethrow=0 return_oop=0}
                      ; - (reexecute) java.io.FileDescriptor$1::getAppend@1 (line 85)
                      ; - java.io.FileOutputStream::write@7 (line 364)
                      ; - java.io.BufferedOutputStream::flushBuffer@20 (line 125)
                      ; - java.io.BufferedOutputStream::implFlush@1 (line 252)
                      ; - java.io.BufferedOutputStream::flush@15 (line 240)
                      ; - java.io.PrintStream::implWriteln@44 (line 851)
                      ; - java.io.PrintStream::writeln@16 (line 826)
  0x00000261a5fe57d0: 2c25 6bff 

  0x00000261a5fe57d4: ;   {other}
  0x00000261a5fe57d4: 0f1f 8400 | 440f 002b | ba45 ffff | ff48 8beb | 4489 5424 

  0x00000261a5fe57e8: ;   {runtime_call UncommonTrapBlob}
  0x00000261a5fe57e8: 2866 90e8 

  0x00000261a5fe57ec: ; ImmutableOopMap {rbp=Oop [40]=NarrowOop [48]=Oop }
                      ;*ifnull {reexecute=1 rethrow=0 return_oop=0}
                      ; - (reexecute) java.io.PrintStream::writeln@4 (line 823)
  0x00000261a5fe57ec: 1025 6bff 

  0x00000261a5fe57f0: ;   {other}
  0x00000261a5fe57f0: 0f1f 8400 | 600f 002c | ba45 ffff | ff48 897c | 2420 4c89 

  0x00000261a5fe5804: ;   {runtime_call UncommonTrapBlob}
  0x00000261a5fe5804: 6c24 28e8 

  0x00000261a5fe5808: ; ImmutableOopMap {rbp=NarrowOop [32]=Oop [40]=Oop }
                      ;*ifnull {reexecute=1 rethrow=0 return_oop=0}
                      ; - (reexecute) java.io.BufferedOutputStream::flush@4 (line 237)
                      ; - java.io.PrintStream::implWriteln@44 (line 851)
                      ; - java.io.PrintStream::writeln@16 (line 826)
  0x00000261a5fe5808: f424 6bff 

  0x00000261a5fe580c: ;   {other}
  0x00000261a5fe580c: 0f1f 8400 | 7c0f 002d | e969 fbff | ffba f6ff 

  0x00000261a5fe581c: ;   {runtime_call UncommonTrapBlob}
  0x00000261a5fe581c: ffff 90e8 

  0x00000261a5fe5820: ; ImmutableOopMap {[40]=Oop [48]=Oop }
                      ;*invokevirtual unlock {reexecute=0 rethrow=0 return_oop=0}
                      ; - java.io.PrintStream::writeln@34 (line 828)
  0x00000261a5fe5820: dc24 6bff 

  0x00000261a5fe5824: ;   {other}
  0x00000261a5fe5824: 0f1f 8400 | 940f 002e | baf6 ffff 

  0x00000261a5fe5830: ;   {runtime_call UncommonTrapBlob}
  0x00000261a5fe5830: ff66 90e8 

  0x00000261a5fe5834: ; ImmutableOopMap {[40]=Oop [48]=Oop }
                      ;*invokevirtual unlock {reexecute=0 rethrow=0 return_oop=0}
                      ; - jdk.internal.misc.InternalLock::unlock@4 (line 78)
                      ; - java.io.PrintStream::writeln@34 (line 828)
  0x00000261a5fe5834: c824 6bff 

  0x00000261a5fe5838: ;   {other}
  0x00000261a5fe5838: 0f1f 8400 | a80f 002f | baf6 ffff 

  0x00000261a5fe5844: ;   {runtime_call UncommonTrapBlob}
  0x00000261a5fe5844: ff66 90e8 

  0x00000261a5fe5848: ; ImmutableOopMap {[40]=Oop [48]=Oop }
                      ;*invokevirtual release {reexecute=0 rethrow=0 return_oop=0}
                      ; - java.util.concurrent.locks.ReentrantLock::unlock@5 (line 494)
                      ; - jdk.internal.misc.InternalLock::unlock@4 (line 78)
                      ; - java.io.PrintStream::writeln@34 (line 828)
  0x00000261a5fe5848: b424 6bff 

  0x00000261a5fe584c: ;   {other}
  0x00000261a5fe584c: 0f1f 8400 | bc0f 0030 | 448b 5008 | 49bb 0000 | 00b2 6102 | 0000 4d03 | da4d 8b53 

  0x00000261a5fe5868: ;   {metadata('java/io/InterruptedIOException')}
  0x00000261a5fe5868: 5049 b820 | 0236 b361 | 0200 004d | 3bd0 750a | 4c8b 5424 | 28e9 1efa | ffff 4d8b 

  0x00000261a5fe5884: ;   {metadata('java/io/IOException')}
  0x00000261a5fe5884: 5348 49bb | 284a 05b3 | 6102 0000 | 4d3b d30f | 85e9 faff | ff4c 8bdd | e93a faff | ffba f6ff 
  0x00000261a5fe58a4: ffff 488b 

  0x00000261a5fe58a8: ;   {runtime_call UncommonTrapBlob}
  0x00000261a5fe58a8: 6c24 28e8 

  0x00000261a5fe58ac: ; ImmutableOopMap {rbp=Oop [32]=Oop }
                      ;*invokevirtual unlock {reexecute=0 rethrow=0 return_oop=0}
                      ; - java.io.BufferedOutputStream::flush@33 (line 242)
                      ; - java.io.PrintStream::implWriteln@44 (line 851)
                      ; - java.io.PrintStream::writeln@16 (line 826)
  0x00000261a5fe58ac: 5024 6bff 

  0x00000261a5fe58b0: ;   {other}
  0x00000261a5fe58b0: 0f1f 8400 | 2010 0031 | baf6 ffff | ff48 8b6c 

  0x00000261a5fe58c0: ;   {runtime_call UncommonTrapBlob}
  0x00000261a5fe58c0: 2428 90e8 

  0x00000261a5fe58c4: ; ImmutableOopMap {rbp=Oop [32]=Oop }
                      ;*invokevirtual unlock {reexecute=0 rethrow=0 return_oop=0}
                      ; - jdk.internal.misc.InternalLock::unlock@4 (line 78)
                      ; - java.io.BufferedOutputStream::flush@33 (line 242)
                      ; - java.io.PrintStream::implWriteln@44 (line 851)
                      ; - java.io.PrintStream::writeln@16 (line 826)
  0x00000261a5fe58c4: 3824 6bff 

  0x00000261a5fe58c8: ;   {other}
  0x00000261a5fe58c8: 0f1f 8400 | 3810 0032 | baf6 ffff | ff48 8b6c 

  0x00000261a5fe58d8: ;   {runtime_call UncommonTrapBlob}
  0x00000261a5fe58d8: 2428 90e8 

  0x00000261a5fe58dc: ; ImmutableOopMap {rbp=Oop [32]=Oop }
                      ;*invokevirtual release {reexecute=0 rethrow=0 return_oop=0}
                      ; - java.util.concurrent.locks.ReentrantLock::unlock@5 (line 494)
                      ; - jdk.internal.misc.InternalLock::unlock@4 (line 78)
                      ; - java.io.BufferedOutputStream::flush@33 (line 242)
                      ; - java.io.PrintStream::implWriteln@44 (line 851)
                      ; - java.io.PrintStream::writeln@16 (line 826)
  0x00000261a5fe58dc: 2024 6bff 

  0x00000261a5fe58e0: ;   {other}
  0x00000261a5fe58e0: 0f1f 8400 | 5010 0033 | eb00 448b | 4008 49bb | 0000 00b2 | 6102 0000 | 4d03 d8eb | 1144 8b50 
  0x00000261a5fe5900: 0849 bb00 | 0000 b261 | 0200 004d | 03da 4d8b 

  0x00000261a5fe5910: ;   {metadata('java/io/InterruptedIOException')}
  0x00000261a5fe5910: 5350 49b8 | 2002 36b3 | 6102 0000 | 4d3b d075 | 0a4c 8b54 | 2428 e975 | f9ff ff4d 

  0x00000261a5fe592c: ;   {metadata('java/io/IOException')}
  0x00000261a5fe592c: 8b53 4849 | bb28 4a05 | b361 0200 | 004d 3bd3 | 0f85 40fa | ffff 4c8b | 5c24 20e9 | 8ff9 ffff 
  0x00000261a5fe594c: eb32 4c8b | 5424 30e9 | c900 0000 | 418b f149 | 8bda 498b | d749 bae0 | 02d1 89f9 | 7f00 0041 
  0x00000261a5fe596c: ;   {other}
  0x00000261a5fe596c: ffd2 0f1f | 8400 0000 | 0000 4c8b | d344 8bce | eb7a eb00 | 4c8b d5e9 | 9900 0000 | 4c8b 5424 
  0x00000261a5fe598c: 30e9 8f00 | 0000 4c8b | 5424 20e9 | 8500 0000 | 4c8b 5424 | 20eb 7e4c | 8b54 2420 | eb77 4c8b 
  0x00000261a5fe59ac: 5424 20eb | 70eb 0048 | 8944 2420 | eb05 4889 | 4424 2044 | 8b5d 2045 | 8b53 0c45 | 8b4a 0c41 
  0x00000261a5fe59cc: 8b79 1041 | 8b69 0c4c | 8bdd 4c8b | 5424 304d | 3bda 0f85 | 1101 0000 | 83ff 010f | 8500 0100 
  0x00000261a5fe59ec: 0041 807f | 4000 0f85 | c200 0000 | 4589 610c | 41b8 0100 | 0000 ffcf | 4189 7910 | f083 4424 
  0x00000261a5fe5a0c: c000 4585 | c074 0945 | 8b41 1445 | 85c0 750f | 488b 4424 | 2048 8944 | 2430 e9f2 | f7ff ff41 
  0x00000261a5fe5a2c: 8b48 1485 | c974 e944 | 8b59 0c45 | 85db 74e0 | 8b41 0c44 | 8bc0 4183 | e0fe f044 | 0fb1 410c 
  0x00000261a5fe5a4c: 400f 94c5 | 400f b6ed | 85ed 0f84 | cc00 0000 | 8b69 1885 | ed74 b944 | 8b45 0849 | bb00 0000 
  0x00000261a5fe5a6c: ;   {no_reloc}
  0x00000261a5fe5a6c: b261 0200 | 004d 03d8 | 4d8b 5b40 

  0x00000261a5fe5a78: ;   {metadata('java/lang/BaseVirtualThread')}
  0x00000261a5fe5a78: 49b8 0098 | 02b2 6102 | 0000 4d3b | d80f 8489 | 0000 004c | 8954 2430 

  0x00000261a5fe5a90: ;   {oop(a 'jdk/internal/misc/Unsafe'{0x00000000834008d8})}
  0x00000261a5fe5a90: 4c8b c548 | bad8 0840 | 8300 0000 | 0048 8b6c 

  0x00000261a5fe5aa0: ;   {optimized virtual_call}
  0x00000261a5fe5aa0: 2428 90e8 

  0x00000261a5fe5aa4: ; ImmutableOopMap {rbp=Oop [32]=Oop [40]=Oop [48]=Oop }
                      ;*invokevirtual unpark {reexecute=0 rethrow=0 return_oop=0}
                      ; - java.util.concurrent.locks.LockSupport::unpark@22 (line 181)
                      ; - java.util.concurrent.locks.AbstractQueuedSynchronizer::signalNext@30 (line 645)
                      ; - java.util.concurrent.locks.AbstractQueuedSynchronizer::release@12 (line 1060)
                      ; - java.util.concurrent.locks.ReentrantLock::unlock@5 (line 494)
                      ; - jdk.internal.misc.InternalLock::unlock@4 (line 78)
                      ; - java.io.BufferedOutputStream::flush@33 (line 242)
                      ; - java.io.PrintStream::implWriteln@44 (line 851)
                      ; - java.io.PrintStream::writeln@16 (line 826)
  0x00000261a5fe5aa4: d893 6aff 

  0x00000261a5fe5aa8: ;   {other}
  0x00000261a5fe5aa8: 0f1f 8400 | 1812 0034 | 4c8b 5424 | 30e9 62ff | ffff 458b | 590c 4585 | db0f 8431 | ffff ff4d 
  0x00000261a5fe5ac8: 8b47 2849 | 8bcb 4d85 | c00f 8481 | feff ff4d | 8b5f 384b | 894c 03f8 | 4983 c0f8 | 4d89 4728 
  0x00000261a5fe5ae8: e90b ffff | ff45 33c0 | e90d ffff | ffba 45ff | ffff 4489 | 4c24 304c | 8954 2438 

  0x00000261a5fe5b04: ;   {runtime_call UncommonTrapBlob}
  0x00000261a5fe5b04: 6666 90e8 

  0x00000261a5fe5b08: ; ImmutableOopMap {rbp=NarrowOop [32]=Oop [40]=Oop [48]=NarrowOop [56]=Oop }
                      ;*if_acmpeq {reexecute=1 rethrow=0 return_oop=0}
                      ; - (reexecute) java.util.concurrent.locks.ReentrantLock$Sync::tryRelease@14 (line 174)
                      ; - java.util.concurrent.locks.AbstractQueuedSynchronizer::release@2 (line 1059)
                      ; - java.util.concurrent.locks.ReentrantLock::unlock@5 (line 494)
                      ; - jdk.internal.misc.InternalLock::unlock@4 (line 78)
                      ; - java.io.BufferedOutputStream::flush@33 (line 242)
                      ; - java.io.PrintStream::implWriteln@44 (line 851)
                      ; - java.io.PrintStream::writeln@16 (line 826)
  0x00000261a5fe5b08: f421 6bff 

  0x00000261a5fe5b0c: ;   {other}
  0x00000261a5fe5b0c: 0f1f 8400 | 7c12 0035 | ba45 ffff 

  0x00000261a5fe5b18: ;   {runtime_call UncommonTrapBlob}
  0x00000261a5fe5b18: ff66 90e8 

  0x00000261a5fe5b1c: ; ImmutableOopMap {rbp=NarrowOop [32]=Oop [40]=Oop }
                      ;*ifeq {reexecute=1 rethrow=0 return_oop=0}
                      ; - (reexecute) java.util.concurrent.locks.LockSupport::unpark@8 (line 178)
                      ; - java.util.concurrent.locks.AbstractQueuedSynchronizer::signalNext@30 (line 645)
                      ; - java.util.concurrent.locks.AbstractQueuedSynchronizer::release@12 (line 1060)
                      ; - java.util.concurrent.locks.ReentrantLock::unlock@5 (line 494)
                      ; - jdk.internal.misc.InternalLock::unlock@4 (line 78)
                      ; - java.io.BufferedOutputStream::flush@33 (line 242)
                      ; - java.io.PrintStream::implWriteln@44 (line 851)
                      ; - java.io.PrintStream::writeln@16 (line 826)
  0x00000261a5fe5b1c: e021 6bff 

  0x00000261a5fe5b20: ;   {other}
  0x00000261a5fe5b20: 0f1f 8400 | 9012 0036 | ba45 ffff | ff89 4c24 

  0x00000261a5fe5b30: ;   {runtime_call UncommonTrapBlob}
  0x00000261a5fe5b30: 3466 90e8 

  0x00000261a5fe5b34: ; ImmutableOopMap {[32]=Oop [40]=Oop [52]=NarrowOop }
                      ;*ifeq {reexecute=1 rethrow=0 return_oop=0}
                      ; - (reexecute) jdk.internal.misc.Unsafe::getAndBitwiseAndInt@21 (line 3233)
                      ; - java.util.concurrent.locks.AbstractQueuedSynchronizer$Node::getAndUnsetStatus@10 (line 481)
                      ; - java.util.concurrent.locks.AbstractQueuedSynchronizer::signalNext@22 (line 644)
                      ; - java.util.concurrent.locks.AbstractQueuedSynchronizer::release@12 (line 1060)
                      ; - java.util.concurrent.locks.ReentrantLock::unlock@5 (line 494)
                      ; - jdk.internal.misc.InternalLock::unlock@4 (line 78)
                      ; - java.io.BufferedOutputStream::flush@33 (line 242)
                      ; - java.io.PrintStream::implWriteln@44 (line 851)
                      ; - java.io.PrintStream::writeln@16 (line 826)
  0x00000261a5fe5b34: c821 6bff 

  0x00000261a5fe5b38: ;   {other}
  0x00000261a5fe5b38: 0f1f 8400 | a812 0037 

  0x00000261a5fe5b40: ;   {internal_word}
  0x00000261a5fe5b40: 49ba 154f | fea5 6102 | 0000 4d89 | 9760 0400 

  0x00000261a5fe5b50: ;   {runtime_call SafepointBlob}
  0x00000261a5fe5b50: 00e9 2a10 

  0x00000261a5fe5b54: ;   {runtime_call StubRoutines (final stubs)}
  0x00000261a5fe5b54: 6bff e825 | 0269 ffe9 | 9af0 ffff 
[Stub Code]
  0x00000261a5fe5b60: ;   {no_reloc}
  0x00000261a5fe5b60: 48bb 0000 | 0000 0000 

  0x00000261a5fe5b68: ;   {runtime_call}
  0x00000261a5fe5b68: 0000 e9fb 

  0x00000261a5fe5b6c: ;   {static_stub}
  0x00000261a5fe5b6c: ffff ff48 | bb00 0000 | 0000 0000 

  0x00000261a5fe5b78: ;   {runtime_call}
  0x00000261a5fe5b78: 00e9 fbff 

  0x00000261a5fe5b7c: ;   {static_stub}
  0x00000261a5fe5b7c: ffff 48bb | 0000 0000 | 0000 0000 

  0x00000261a5fe5b88: ;   {runtime_call}
  0x00000261a5fe5b88: e9fb ffff 

  0x00000261a5fe5b8c: ;   {static_stub}
  0x00000261a5fe5b8c: ff48 bb00 | 0000 0000 

  0x00000261a5fe5b94: ;   {runtime_call}
  0x00000261a5fe5b94: 0000 00e9 | fbff ffff 

  0x00000261a5fe5b9c: ;   {static_stub}
  0x00000261a5fe5b9c: 48bb 0000 | 0000 0000 

  0x00000261a5fe5ba4: ;   {runtime_call}
  0x00000261a5fe5ba4: 0000 e9fb 

  0x00000261a5fe5ba8: ;   {static_stub}
  0x00000261a5fe5ba8: ffff ff48 | bb00 0000 | 0000 0000 

  0x00000261a5fe5bb4: ;   {runtime_call}
  0x00000261a5fe5bb4: 00e9 fbff 

  0x00000261a5fe5bb8: ;   {static_stub}
  0x00000261a5fe5bb8: ffff 48bb | 0000 0000 | 0000 0000 

  0x00000261a5fe5bc4: ;   {runtime_call}
  0x00000261a5fe5bc4: e9fb ffff 

  0x00000261a5fe5bc8: ;   {static_stub}
  0x00000261a5fe5bc8: ff48 bb00 | 0000 0000 

  0x00000261a5fe5bd0: ;   {runtime_call}
  0x00000261a5fe5bd0: 0000 00e9 | fbff ffff 

  0x00000261a5fe5bd8: ;   {static_stub}
  0x00000261a5fe5bd8: 48bb 0000 | 0000 0000 

  0x00000261a5fe5be0: ;   {runtime_call}
  0x00000261a5fe5be0: 0000 e9fb 

  0x00000261a5fe5be4: ;   {static_stub}
  0x00000261a5fe5be4: ffff ff48 | bb00 0000 | 0000 0000 

  0x00000261a5fe5bf0: ;   {runtime_call}
  0x00000261a5fe5bf0: 00e9 fbff 

  0x00000261a5fe5bf4: ;   {static_stub}
  0x00000261a5fe5bf4: ffff 48bb | 0000 0000 | 0000 0000 

  0x00000261a5fe5c00: ;   {runtime_call}
  0x00000261a5fe5c00: e9fb ffff 

  0x00000261a5fe5c04: ;   {static_stub}
  0x00000261a5fe5c04: ff48 bb00 | 0000 0000 

  0x00000261a5fe5c0c: ;   {runtime_call}
  0x00000261a5fe5c0c: 0000 00e9 | fbff ffff 
[Exception Handler]
  0x00000261a5fe5c14: ;   {runtime_call ExceptionBlob}
  0x00000261a5fe5c14: e967 b978 | ffe8 0000 | 0000 4883 

  0x00000261a5fe5c20: ;   {runtime_call DeoptimizationBlob}
  0x00000261a5fe5c20: 2c24 05e9 | f823 6bff 
[/MachCode]


---------------  P R O C E S S  ---------------

Threads class SMR info:
_java_thread_list=0x00000261fe74f460, length=485, elements={
0x00000261b1ce14c0, 0x00000261b1ce2f20, 0x00000261b1ce8cb0, 0x00000261b1ce97f0,
0x00000261b1ceb250, 0x00000261b1cebca0, 0x00000261b1ceca20, 0x00000261b1cf45a0,
0x00000261b1d4e670, 0x00000261f7568330, 0x00000261f795f240, 0x00000261f7a684f0,
0x00000261fc36e760, 0x00000261fc9a8380, 0x00000261fc9a6fd0, 0x00000261fc9a9730,
0x00000261fc7b0f00, 0x00000261fc7ae7a0, 0x00000261fc7b4a10, 0x00000261fc7ae110,
0x00000261fc7b0870, 0x00000261fc7aee30, 0x00000261fc7afb50, 0x00000261fc7b22b0,
0x00000261fc7b2940, 0x00000261fc7b1590, 0x00000261fc7b1c20, 0x00000261fc7b01e0,
0x00000261fc7b5730, 0x00000261fc7b3cf0, 0x00000261fc7b4380, 0x00000261fc7b50a0,
0x00000261fc9a62b0, 0x00000261fc9a90a0, 0x00000261fc9a6940, 0x00000261fc9a7660,
0x00000261fc9a7cf0, 0x00000261fdf02320, 0x00000261fdf01600, 0x00000261fdf029b0,
0x00000261fdf01c90, 0x00000261fdf03040, 0x00000261fdeffbc0, 0x00000261fdf036d0,
0x00000261fdf00f70, 0x00000261fdf00250, 0x00000261fdf03d60, 0x00000261fdf008e0,
0x00000261fdf043f0, 0x00000261fdf04a80, 0x00000261fdf05110, 0x00000261fdf057a0,
0x00000261fdf05e30, 0x00000261fdf06b50, 0x00000261fdf064c0, 0x00000261fdf071e0,
0x00000261fcb8c8d0, 0x00000261fcb8ae90, 0x00000261fcb8b520, 0x00000261fcb8f030,
0x00000261fcb8bbb0, 0x00000261fcb8dc80, 0x00000261fcb8e9a0, 0x00000261fcb8e310,
0x00000261fcb8f6c0, 0x00000261fcb8d5f0, 0x00000261fcb8c240, 0x00000261fcb8fd50,
0x00000261fcb903e0, 0x00000261fcb8cf60, 0x00000261fcb91e20, 0x00000261fcb90a70,
0x00000261fcb91100, 0x00000261fcb91790, 0x00000261fcb924b0, 0x00000261f784cdb0,
0x00000261f784c720, 0x00000261f784a650, 0x00000261f784ba00, 0x00000261f784c090,
0x00000261f784d440, 0x00000261f7849fc0, 0x00000261f784ace0, 0x00000261f784b370,
0x00000261fe3afa60, 0x00000261fe3b00f0, 0x00000261fe3acc70, 0x00000261fe3b0780,
0x00000261fe3aed40, 0x00000261fe3ad300, 0x00000261fe3ae020, 0x00000261fe3af3d0,
0x00000261fe3b0e10, 0x00000261fe3ad990, 0x00000261fe3b14a0, 0x00000261fe3b1b30,
0x00000261fe3ae6b0, 0x00000261fe3b3c00, 0x00000261fe3b21c0, 0x00000261fe3b2850,
0x00000261fe3b3570, 0x00000261fe3b2ee0, 0x00000261fe3b4290, 0x0000026182635930,
0x0000026182633860, 0x0000026182632b40, 0x00000261826352a0, 0x0000026182635fc0,
0x0000026182636650, 0x0000026182633ef0, 0x0000026182634c10, 0x00000261826331d0,
0x0000026182636ce0, 0x0000026182637370, 0x0000026182637a00, 0x0000026182634580,
0x0000026182638090, 0x0000026182638720, 0x0000026182638db0, 0x0000026182639440,
0x0000026182639ad0, 0x000002618263a160, 0x00000261f78c47c0, 0x00000261f78c3410,
0x00000261f78c3aa0, 0x00000261f78c2060, 0x00000261f78c4130, 0x00000261f78c4e50,
0x00000261f78c54e0, 0x00000261f78c26f0, 0x00000261f78c2d80, 0x00000261fe9748d0,
0x00000261fe974f60, 0x00000261fe975c80, 0x00000261fe976310, 0x00000261fe9769a0,
0x00000261fe977030, 0x00000261fe973bb0, 0x00000261fe9776c0, 0x00000261fe974240,
0x00000261fe977d50, 0x00000261fe9783e0, 0x00000261fe978a70, 0x00000261fe9755f0,
0x00000261fe979100, 0x00000261fe979790, 0x00000261fe979e20, 0x00000261fe97a4b0,
0x00000261fe97ab40, 0x00000261fe97b1d0, 0x00000261fc7991b0, 0x00000261fc797e00,
0x00000261fc798b20, 0x00000261fc799840, 0x00000261fc797770, 0x00000261fc798490,
0x00000261fc7963c0, 0x00000261fc799ed0, 0x00000261fc796a50, 0x00000261fc79a560,
0x00000261fc7970e0, 0x00000261fc79d9e0, 0x00000261fc79c630, 0x00000261fc79abf0,
0x00000261fc79b280, 0x00000261fc79b910, 0x00000261fc79bfa0, 0x00000261fc79ccc0,
0x00000261fc79d350, 0x00000261fe7e8140, 0x00000261fe7e8e60, 0x00000261fe7e87d0,
0x00000261fe7e59e0, 0x00000261fe7e94f0, 0x00000261fe7e7ab0, 0x00000261fe7e6070,
0x00000261fe7e6700, 0x00000261fe7e6d90, 0x00000261fe7e9b80, 0x00000261fe7ea210,
0x00000261fe7ea8a0, 0x00000261fe7e7420, 0x00000261fe7ec2e0, 0x00000261fe7ec970,
0x00000261fe7eaf30, 0x00000261fe7eea40, 0x00000261fe7ed000, 0x00000261fe7ebc50,
0x00000261fe7ed690, 0x00000261fe7edd20, 0x00000261fe7ee3b0, 0x00000261fe7eb5c0,
0x00000261fe7f1ec0, 0x00000261fe7f2550, 0x00000261fe7efdf0, 0x00000261fe7ef0d0,
0x00000261fe7f1830, 0x00000261fe7f2be0, 0x00000261fe7f0480, 0x00000261fe7f0b10,
0x00000261fe7f3f90, 0x00000261fe7ef760, 0x00000261fe7f3270, 0x00000261fe7f4620,
0x00000261fe7f3900, 0x00000261fe7f11a0, 0x00000261fe7f4cb0, 0x00000261fe0a86f0,
0x00000261fe0a8d80, 0x00000261fe0a9410, 0x00000261fe0aae50, 0x00000261fe0a9aa0,
0x00000261fe0aa7c0, 0x00000261fe0aa130, 0x00000261fe0ab4e0, 0x00000261fe0a8060,
0x00000261fe0ad5b0, 0x00000261fe0adc40, 0x00000261fe0ae2d0, 0x00000261fe0ae960,
0x00000261fe0aeff0, 0x00000261fe0abb70, 0x00000261fe0af680, 0x00000261fe0ac200,
0x00000261fe0afd10, 0x00000261fe0ac890, 0x00000261fe0b03a0, 0x00000261fe0acf20,
0x00000261fe0b3eb0, 0x00000261fe0b1de0, 0x00000261fe0b10c0, 0x00000261fe0b3820,
0x00000261fe0b2470, 0x00000261fe0b0a30, 0x00000261fe0b4540, 0x00000261fe0b1750,
0x00000261fe0b4bd0, 0x00000261fe0b5f80, 0x00000261fe0b5260, 0x00000261fe0b3190,
0x00000261fe0b2b00, 0x00000261fe0b7330, 0x00000261fe0b6ca0, 0x00000261fe0b58f0,
0x00000261fe0b6610, 0x00000261fe372460, 0x00000261fe36f670, 0x00000261fe370390,
0x00000261fe370a20, 0x00000261fe36efe0, 0x00000261fe373180, 0x00000261fe36fd00,
0x00000261fe374530, 0x00000261fe373810, 0x00000261fe372af0, 0x00000261fe3710b0,
0x00000261fe373ea0, 0x00000261fe371740, 0x00000261fe371dd0, 0x00000261fe3758e0,
0x00000261fe377320, 0x00000261fe376c90, 0x00000261fe374bc0, 0x00000261fe376600,
0x00000261fe378040, 0x00000261fe375250, 0x00000261fe375f70, 0x00000261fe3779b0,
0x00000261fe379a80, 0x00000261fe3793f0, 0x00000261fe37a110, 0x00000261fe37b4c0,
0x00000261fe37a7a0, 0x00000261fe37ae30, 0x00000261fe37bb50, 0x00000261fe3786d0,
0x00000261fe37c1e0, 0x00000261fe378d60, 0x00000261fe37dc20, 0x00000261fe37c870,
0x00000261fe37e2b0, 0x00000261fe37d590, 0x00000261fe37cf00, 0x00000261fcc8daf0,
0x00000261fcc8e180, 0x00000261fcc8e810, 0x00000261fcc92320, 0x00000261fcc8eea0,
0x00000261fcc8fbc0, 0x00000261fcc8f530, 0x00000261fcc90f70, 0x00000261fcc90250,
0x00000261fcc908e0, 0x00000261fcc93040, 0x00000261fcc93d60, 0x00000261fcc94a80,
0x00000261fcc943f0, 0x00000261fcc91600, 0x00000261fcc95110, 0x00000261fcc929b0,
0x00000261fcc91c90, 0x00000261fcc957a0, 0x00000261fcc936d0, 0x00000261fcc95e30,
0x00000261fcc992b0, 0x00000261fcc971e0, 0x00000261fcc97f00, 0x00000261fcc96b50,
0x00000261fcc98590, 0x00000261fcc964c0, 0x00000261fcc99940, 0x00000261fcc97870,
0x00000261fcc99fd0, 0x00000261fcc9b380, 0x00000261fcc9a660, 0x00000261fcc9acf0,
0x00000261fcc9c0a0, 0x00000261fcc9ba10, 0x00000261fcc98c20, 0x00000261fcc9c730,
0x00000261fcc9cdc0, 0x00000261f7382690, 0x00000261f73840d0, 0x00000261f7382d20,
0x00000261f7382000, 0x00000261f73833b0, 0x00000261f73812e0, 0x00000261f7381970,
0x00000261f7384df0, 0x00000261f7386ec0, 0x00000261f7383a40, 0x00000261f7385480,
0x00000261f7385b10, 0x00000261f7387550, 0x00000261f7387be0, 0x00000261f73861a0,
0x00000261f7384760, 0x00000261f7388900, 0x00000261f7388270, 0x00000261f7388f90,
0x00000261f7386830, 0x00000261f738a340, 0x00000261f738b060, 0x00000261f738bd80,
0x00000261f7389cb0, 0x00000261f738c410, 0x00000261f738b6f0, 0x00000261f738caa0,
0x00000261f7389620, 0x00000261f738d130, 0x00000261f738d7c0, 0x00000261f738a9d0,
0x00000261f73905b0, 0x00000261f738de50, 0x00000261f7391960, 0x00000261f738e4e0,
0x00000261f73912d0, 0x00000261f7390c40, 0x00000261f7391ff0, 0x00000261f738eb70,
0x00000261f7392680, 0x00000261f738ff20, 0x00000261f738f200, 0x00000261f7392d10,
0x00000261f738f890, 0x00000261f7395470, 0x00000261f7394de0, 0x00000261f73940c0,
0x00000261f7395b00, 0x00000261f7396190, 0x00000261f7396820, 0x00000261f73933a0,
0x00000261f7396eb0, 0x00000261f7393a30, 0x00000261f7397540, 0x00000261f7397bd0,
0x00000261f7394750, 0x00000261f7398260, 0x00000261f73988f0, 0x00000261f7398f80,
0x00000261f7399610, 0x00000261f7399ca0, 0x00000261f739a330, 0x00000261f739a9c0,
0x00000261f739b050, 0x00000261f739e4d0, 0x00000261f739eb60, 0x00000261f739b6e0,
0x00000261f739ca90, 0x00000261f739f1f0, 0x00000261f739bd70, 0x00000261f739d7b0,
0x00000261f739c400, 0x00000261f739f880, 0x00000261f739de40, 0x00000261f739ff10,
0x00000261f73a05a0, 0x00000261f739d120, 0x00000261fe4d5aa0, 0x00000261fe4d6130,
0x00000261fe4d46f0, 0x00000261fe4d67c0, 0x00000261fe4d6e50, 0x00000261fe4d4d80,
0x00000261fe4d74e0, 0x00000261fe4d5410, 0x00000261fe4d4060, 0x00000261fe4d8f20,
0x00000261fe4daff0, 0x00000261fe4d8200, 0x00000261fe4d9c40, 0x00000261fe4d95b0,
0x00000261fe4d8890, 0x00000261fe4da2d0, 0x00000261fe4da960, 0x00000261fe4d7b70,
0x00000261fe4dd750, 0x00000261fe4dc3a0, 0x00000261fe4db680, 0x00000261fe4dbd10,
0x00000261fe4deb00, 0x00000261fe4dd0c0, 0x00000261fe4df190, 0x00000261fe4ddde0,
0x00000261fe4df820, 0x00000261fe4de470, 0x00000261fe4dfeb0, 0x00000261fe4dca30,
0x00000261fe4e1260, 0x00000261fe4e18f0, 0x00000261fe4e2610, 0x00000261fe4e1f80,
0x00000261fe4e3330, 0x00000261fe4e2ca0, 0x00000261fe4e39c0, 0x00000261fe4e0540,
0x00000261fe4e4050, 0x00000261fe4e0bd0, 0x00000261fe4e46e0, 0x00000261fe4e6120,
0x00000261fe4e81f0, 0x00000261fe4e5400, 0x00000261fe4e4d70, 0x00000261fe4e6e40,
0x00000261fe4e5a90, 0x00000261fe4e9c30, 0x00000261fe4e74d0, 0x00000261fe4e8880,
0x00000261fe4e7b60, 0x00000261fe4e95a0, 0x00000261fe4e8f10, 0x00000261fe4e67b0,
0x00000261fe4ea2c0, 0x00000261fe4eca20, 0x00000261fe4eb670, 0x00000261fe4ed0b0,
0x00000261fe4ea950, 0x00000261fe4ebd00, 0x00000261fe4ed740, 0x00000261fe4eddd0,
0x00000261fe4eafe0, 0x00000261fe4ec390, 0x00000261fe4efea0, 0x00000261fe4f18e0,
0x00000261fe4ef180, 0x00000261fe4f1250, 0x00000261fe4ee460, 0x00000261fe4ef810,
0x00000261fe4f1f70, 0x00000261fe4f0bc0, 0x00000261fe4eeaf0, 0x00000261fe4f0530,
0x00000261fe4f2600, 0x00000261fe4f2c90, 0x00000261fe4f3320, 0x00000261fc7b2fd0,
0x0000026182873db0, 0x0000026182871650, 0x0000026182873720, 0x0000026182872a00,
0x0000026182871ce0, 0x0000026182872370, 0x0000026182873090, 0x0000026182870fc0,
0x00000261828778c0
}
_to_delete_list=0x00000261fc760ca0, length=484, elements={
0x00000261b1ce14c0, 0x00000261b1ce2f20, 0x00000261b1ce8cb0, 0x00000261b1ce97f0,
0x00000261b1ceb250, 0x00000261b1cebca0, 0x00000261b1ceca20, 0x00000261b1cf45a0,
0x00000261b1d4e670, 0x00000261f7568330, 0x00000261f795f240, 0x00000261f7a684f0,
0x00000261fc36e760, 0x00000261fc9a8380, 0x00000261fc9a6fd0, 0x00000261fc9a9730,
0x00000261fc7b0f00, 0x00000261fc7ae7a0, 0x00000261fc7b4a10, 0x00000261fc7ae110,
0x00000261fc7b0870, 0x00000261fc7aee30, 0x00000261fc7afb50, 0x00000261fc7b22b0,
0x00000261fc7b2940, 0x00000261fc7b1590, 0x00000261fc7b1c20, 0x00000261fc7b01e0,
0x00000261fc7b5730, 0x00000261fc7b3cf0, 0x00000261fc7b4380, 0x00000261fc7b50a0,
0x00000261fc9a62b0, 0x00000261fc9a90a0, 0x00000261fc9a6940, 0x00000261fc9a7660,
0x00000261fc9a7cf0, 0x00000261fdf02320, 0x00000261fdf01600, 0x00000261fdf029b0,
0x00000261fdf01c90, 0x00000261fdf03040, 0x00000261fdeffbc0, 0x00000261fdf036d0,
0x00000261fdf00f70, 0x00000261fdf00250, 0x00000261fdf03d60, 0x00000261fdf008e0,
0x00000261fdf043f0, 0x00000261fdf04a80, 0x00000261fdf05110, 0x00000261fdf057a0,
0x00000261fdf05e30, 0x00000261fdf06b50, 0x00000261fdf064c0, 0x00000261fdf071e0,
0x00000261fcb8c8d0, 0x00000261fcb8ae90, 0x00000261fcb8b520, 0x00000261fcb8f030,
0x00000261fcb8bbb0, 0x00000261fcb8dc80, 0x00000261fcb8e9a0, 0x00000261fcb8e310,
0x00000261fcb8f6c0, 0x00000261fcb8d5f0, 0x00000261fcb8c240, 0x00000261fcb8fd50,
0x00000261fcb903e0, 0x00000261fcb8cf60, 0x00000261fcb91e20, 0x00000261fcb90a70,
0x00000261fcb91100, 0x00000261fcb91790, 0x00000261fcb924b0, 0x00000261f784cdb0,
0x00000261f784c720, 0x00000261f784a650, 0x00000261f784ba00, 0x00000261f784c090,
0x00000261f784d440, 0x00000261f7849fc0, 0x00000261f784ace0, 0x00000261f784b370,
0x00000261fe3afa60, 0x00000261fe3b00f0, 0x00000261fe3acc70, 0x00000261fe3b0780,
0x00000261fe3aed40, 0x00000261fe3ad300, 0x00000261fe3ae020, 0x00000261fe3af3d0,
0x00000261fe3b0e10, 0x00000261fe3ad990, 0x00000261fe3b14a0, 0x00000261fe3b1b30,
0x00000261fe3ae6b0, 0x00000261fe3b3c00, 0x00000261fe3b21c0, 0x00000261fe3b2850,
0x00000261fe3b3570, 0x00000261fe3b2ee0, 0x00000261fe3b4290, 0x0000026182635930,
0x0000026182633860, 0x0000026182632b40, 0x00000261826352a0, 0x0000026182635fc0,
0x0000026182636650, 0x0000026182633ef0, 0x0000026182634c10, 0x00000261826331d0,
0x0000026182636ce0, 0x0000026182637370, 0x0000026182637a00, 0x0000026182634580,
0x0000026182638090, 0x0000026182638720, 0x0000026182638db0, 0x0000026182639440,
0x0000026182639ad0, 0x000002618263a160, 0x00000261f78c47c0, 0x00000261f78c3410,
0x00000261f78c3aa0, 0x00000261f78c2060, 0x00000261f78c4130, 0x00000261f78c4e50,
0x00000261f78c54e0, 0x00000261f78c26f0, 0x00000261f78c2d80, 0x00000261fe9748d0,
0x00000261fe974f60, 0x00000261fe975c80, 0x00000261fe976310, 0x00000261fe9769a0,
0x00000261fe977030, 0x00000261fe973bb0, 0x00000261fe9776c0, 0x00000261fe974240,
0x00000261fe977d50, 0x00000261fe9783e0, 0x00000261fe978a70, 0x00000261fe9755f0,
0x00000261fe979100, 0x00000261fe979790, 0x00000261fe979e20, 0x00000261fe97a4b0,
0x00000261fe97ab40, 0x00000261fe97b1d0, 0x00000261fc7991b0, 0x00000261fc797e00,
0x00000261fc798b20, 0x00000261fc799840, 0x00000261fc797770, 0x00000261fc798490,
0x00000261fc7963c0, 0x00000261fc799ed0, 0x00000261fc796a50, 0x00000261fc79a560,
0x00000261fc7970e0, 0x00000261fc79d9e0, 0x00000261fc79c630, 0x00000261fc79abf0,
0x00000261fc79b280, 0x00000261fc79b910, 0x00000261fc79bfa0, 0x00000261fc79ccc0,
0x00000261fc79d350, 0x00000261fe7e8140, 0x00000261fe7e8e60, 0x00000261fe7e87d0,
0x00000261fe7e59e0, 0x00000261fe7e94f0, 0x00000261fe7e7ab0, 0x00000261fe7e6070,
0x00000261fe7e6700, 0x00000261fe7e6d90, 0x00000261fe7e9b80, 0x00000261fe7ea210,
0x00000261fe7ea8a0, 0x00000261fe7e7420, 0x00000261fe7ec2e0, 0x00000261fe7ec970,
0x00000261fe7eaf30, 0x00000261fe7eea40, 0x00000261fe7ed000, 0x00000261fe7ebc50,
0x00000261fe7ed690, 0x00000261fe7edd20, 0x00000261fe7ee3b0, 0x00000261fe7eb5c0,
0x00000261fe7f1ec0, 0x00000261fe7f2550, 0x00000261fe7efdf0, 0x00000261fe7ef0d0,
0x00000261fe7f1830, 0x00000261fe7f2be0, 0x00000261fe7f0480, 0x00000261fe7f0b10,
0x00000261fe7f3f90, 0x00000261fe7ef760, 0x00000261fe7f3270, 0x00000261fe7f4620,
0x00000261fe7f3900, 0x00000261fe7f11a0, 0x00000261fe7f4cb0, 0x00000261fe0a86f0,
0x00000261fe0a8d80, 0x00000261fe0a9410, 0x00000261fe0aae50, 0x00000261fe0a9aa0,
0x00000261fe0aa7c0, 0x00000261fe0aa130, 0x00000261fe0ab4e0, 0x00000261fe0a8060,
0x00000261fe0ad5b0, 0x00000261fe0adc40, 0x00000261fe0ae2d0, 0x00000261fe0ae960,
0x00000261fe0aeff0, 0x00000261fe0abb70, 0x00000261fe0af680, 0x00000261fe0ac200,
0x00000261fe0afd10, 0x00000261fe0ac890, 0x00000261fe0b03a0, 0x00000261fe0acf20,
0x00000261fe0b3eb0, 0x00000261fe0b1de0, 0x00000261fe0b10c0, 0x00000261fe0b3820,
0x00000261fe0b2470, 0x00000261fe0b0a30, 0x00000261fe0b4540, 0x00000261fe0b1750,
0x00000261fe0b4bd0, 0x00000261fe0b5f80, 0x00000261fe0b5260, 0x00000261fe0b3190,
0x00000261fe0b2b00, 0x00000261fe0b7330, 0x00000261fe0b6ca0, 0x00000261fe0b58f0,
0x00000261fe0b6610, 0x00000261fe372460, 0x00000261fe36f670, 0x00000261fe370390,
0x00000261fe370a20, 0x00000261fe36efe0, 0x00000261fe373180, 0x00000261fe36fd00,
0x00000261fe374530, 0x00000261fe373810, 0x00000261fe372af0, 0x00000261fe3710b0,
0x00000261fe373ea0, 0x00000261fe371740, 0x00000261fe371dd0, 0x00000261fe3758e0,
0x00000261fe377320, 0x00000261fe376c90, 0x00000261fe374bc0, 0x00000261fe376600,
0x00000261fe378040, 0x00000261fe375250, 0x00000261fe375f70, 0x00000261fe3779b0,
0x00000261fe379a80, 0x00000261fe3793f0, 0x00000261fe37a110, 0x00000261fe37b4c0,
0x00000261fe37a7a0, 0x00000261fe37ae30, 0x00000261fe37bb50, 0x00000261fe3786d0,
0x00000261fe37c1e0, 0x00000261fe378d60, 0x00000261fe37dc20, 0x00000261fe37c870,
0x00000261fe37e2b0, 0x00000261fe37d590, 0x00000261fe37cf00, 0x00000261fcc8daf0,
0x00000261fcc8e180, 0x00000261fcc8e810, 0x00000261fcc92320, 0x00000261fcc8eea0,
0x00000261fcc8fbc0, 0x00000261fcc8f530, 0x00000261fcc90f70, 0x00000261fcc90250,
0x00000261fcc908e0, 0x00000261fcc93040, 0x00000261fcc93d60, 0x00000261fcc94a80,
0x00000261fcc943f0, 0x00000261fcc91600, 0x00000261fcc95110, 0x00000261fcc929b0,
0x00000261fcc91c90, 0x00000261fcc957a0, 0x00000261fcc936d0, 0x00000261fcc95e30,
0x00000261fcc992b0, 0x00000261fcc971e0, 0x00000261fcc97f00, 0x00000261fcc96b50,
0x00000261fcc98590, 0x00000261fcc964c0, 0x00000261fcc99940, 0x00000261fcc97870,
0x00000261fcc99fd0, 0x00000261fcc9b380, 0x00000261fcc9a660, 0x00000261fcc9acf0,
0x00000261fcc9c0a0, 0x00000261fcc9ba10, 0x00000261fcc98c20, 0x00000261fcc9c730,
0x00000261fcc9cdc0, 0x00000261f7382690, 0x00000261f73840d0, 0x00000261f7382d20,
0x00000261f7382000, 0x00000261f73833b0, 0x00000261f73812e0, 0x00000261f7381970,
0x00000261f7384df0, 0x00000261f7386ec0, 0x00000261f7383a40, 0x00000261f7385480,
0x00000261f7385b10, 0x00000261f7387550, 0x00000261f7387be0, 0x00000261f73861a0,
0x00000261f7384760, 0x00000261f7388900, 0x00000261f7388270, 0x00000261f7388f90,
0x00000261f7386830, 0x00000261f738a340, 0x00000261f738b060, 0x00000261f738bd80,
0x00000261f7389cb0, 0x00000261f738c410, 0x00000261f738b6f0, 0x00000261f738caa0,
0x00000261f7389620, 0x00000261f738d130, 0x00000261f738d7c0, 0x00000261f738a9d0,
0x00000261f73905b0, 0x00000261f738de50, 0x00000261f7391960, 0x00000261f738e4e0,
0x00000261f73912d0, 0x00000261f7390c40, 0x00000261f7391ff0, 0x00000261f738eb70,
0x00000261f7392680, 0x00000261f738ff20, 0x00000261f738f200, 0x00000261f7392d10,
0x00000261f738f890, 0x00000261f7395470, 0x00000261f7394de0, 0x00000261f73940c0,
0x00000261f7395b00, 0x00000261f7396190, 0x00000261f7396820, 0x00000261f73933a0,
0x00000261f7396eb0, 0x00000261f7393a30, 0x00000261f7397540, 0x00000261f7397bd0,
0x00000261f7394750, 0x00000261f7398260, 0x00000261f73988f0, 0x00000261f7398f80,
0x00000261f7399610, 0x00000261f7399ca0, 0x00000261f739a330, 0x00000261f739a9c0,
0x00000261f739b050, 0x00000261f739e4d0, 0x00000261f739eb60, 0x00000261f739b6e0,
0x00000261f739ca90, 0x00000261f739f1f0, 0x00000261f739bd70, 0x00000261f739d7b0,
0x00000261f739c400, 0x00000261f739f880, 0x00000261f739de40, 0x00000261f739ff10,
0x00000261f73a05a0, 0x00000261f739d120, 0x00000261fe4d5aa0, 0x00000261fe4d6130,
0x00000261fe4d46f0, 0x00000261fe4d67c0, 0x00000261fe4d6e50, 0x00000261fe4d4d80,
0x00000261fe4d74e0, 0x00000261fe4d5410, 0x00000261fe4d4060, 0x00000261fe4d8f20,
0x00000261fe4daff0, 0x00000261fe4d8200, 0x00000261fe4d9c40, 0x00000261fe4d95b0,
0x00000261fe4d8890, 0x00000261fe4da2d0, 0x00000261fe4da960, 0x00000261fe4d7b70,
0x00000261fe4dd750, 0x00000261fe4dc3a0, 0x00000261fe4db680, 0x00000261fe4dbd10,
0x00000261fe4deb00, 0x00000261fe4dd0c0, 0x00000261fe4df190, 0x00000261fe4ddde0,
0x00000261fe4df820, 0x00000261fe4de470, 0x00000261fe4dfeb0, 0x00000261fe4dca30,
0x00000261fe4e1260, 0x00000261fe4e18f0, 0x00000261fe4e2610, 0x00000261fe4e1f80,
0x00000261fe4e3330, 0x00000261fe4e2ca0, 0x00000261fe4e39c0, 0x00000261fe4e0540,
0x00000261fe4e4050, 0x00000261fe4e0bd0, 0x00000261fe4e46e0, 0x00000261fe4e6120,
0x00000261fe4e81f0, 0x00000261fe4e5400, 0x00000261fe4e4d70, 0x00000261fe4e6e40,
0x00000261fe4e5a90, 0x00000261fe4e9c30, 0x00000261fe4e74d0, 0x00000261fe4e8880,
0x00000261fe4e7b60, 0x00000261fe4e95a0, 0x00000261fe4e8f10, 0x00000261fe4e67b0,
0x00000261fe4ea2c0, 0x00000261fe4eca20, 0x00000261fe4eb670, 0x00000261fe4ed0b0,
0x00000261fe4ea950, 0x00000261fe4ebd00, 0x00000261fe4ed740, 0x00000261fe4eddd0,
0x00000261fe4eafe0, 0x00000261fe4ec390, 0x00000261fe4efea0, 0x00000261fe4f18e0,
0x00000261fe4ef180, 0x00000261fe4f1250, 0x00000261fe4ee460, 0x00000261fe4ef810,
0x00000261fe4f1f70, 0x00000261fe4f0bc0, 0x00000261fe4eeaf0, 0x00000261fe4f0530,
0x00000261fe4f2600, 0x00000261fe4f2c90, 0x00000261fe4f3320, 0x00000261fc7b2fd0,
0x0000026182873db0, 0x0000026182871650, 0x0000026182873720, 0x0000026182872a00,
0x0000026182871ce0, 0x0000026182872370, 0x0000026182873090, 0x0000026182870fc0
}

Java Threads: ( => current thread )
  0x00000261b1ce14c0 JavaThread "Reference Handler"          daemon [_thread_blocked, id=6748, stack(0x000000aad7700000,0x000000aad7800000) (1024K)]
  0x00000261b1ce2f20 JavaThread "Finalizer"                  daemon [_thread_blocked, id=12996, stack(0x000000aad7800000,0x000000aad7900000) (1024K)]
  0x00000261b1ce8cb0 JavaThread "Signal Dispatcher"          daemon [_thread_blocked, id=34964, stack(0x000000aad7900000,0x000000aad7a00000) (1024K)]
  0x00000261b1ce97f0 JavaThread "Attach Listener"            daemon [_thread_blocked, id=29952, stack(0x000000aad7a00000,0x000000aad7b00000) (1024K)]
  0x00000261b1ceb250 JavaThread "Service Thread"             daemon [_thread_blocked, id=19340, stack(0x000000aad7b00000,0x000000aad7c00000) (1024K)]
  0x00000261b1cebca0 JavaThread "Monitor Deflation Thread"   daemon [_thread_blocked, id=27312, stack(0x000000aad7c00000,0x000000aad7d00000) (1024K)]
  0x00000261b1ceca20 JavaThread "C2 CompilerThread0"         daemon [_thread_blocked, id=19784, stack(0x000000aad7d00000,0x000000aad7e00000) (1024K)]
  0x00000261b1cf45a0 JavaThread "C1 CompilerThread0"         daemon [_thread_blocked, id=13832, stack(0x000000aad7e00000,0x000000aad7f00000) (1024K)]
  0x00000261b1d4e670 JavaThread "Common-Cleaner"             daemon [_thread_blocked, id=34704, stack(0x000000aad7f00000,0x000000aad8000000) (1024K)]
  0x00000261f7568330 JavaThread "Notification Thread"        daemon [_thread_blocked, id=15752, stack(0x000000aad8100000,0x000000aad8200000) (1024K)]
  0x00000261f795f240 JavaThread "InvokeLaterDispatcher"      daemon [_thread_blocked, id=6988, stack(0x000000aad8600000,0x000000aad8700000) (1024K)]
  0x00000261f7a684f0 JavaThread "Thread-1"                   daemon [_thread_in_native, id=26432, stack(0x000000aad8b00000,0x000000aad8c00000) (1024K)]
  0x00000261fc36e760 JavaThread "HttpClient-1-SelectorManager" daemon [_thread_in_native, id=30284, stack(0x000000aad8000000,0x000000aad8100000) (1024K)]
  0x00000261fc9a8380 JavaThread "Media Resource Disposer"    daemon [_thread_blocked, id=18292, stack(0x000000aada000000,0x000000aada100000) (1024K)]
  0x00000261fc9a6fd0 JavaThread "Prism Font Disposer"        daemon [_thread_blocked, id=25112, stack(0x000000aada100000,0x000000aada200000) (1024K)]
  0x00000261fc9a9730 JavaThread "Cleaner-0"                  daemon [_thread_blocked, id=5200, stack(0x000000aada200000,0x000000aada300000) (1024K)]
  0x00000261fc7b0f00 JavaThread "HttpClient-2-SelectorManager" daemon [_thread_in_native, id=37540, stack(0x000000aad9d00000,0x000000aad9e00000) (1024K)]
  0x00000261fc7ae7a0 JavaThread "pool-3-thread-1"                   [_thread_blocked, id=12536, stack(0x000000aadac00000,0x000000aadad00000) (1024K)]
  0x00000261fc7b4a10 JavaThread "pool-2-thread-1"                   [_thread_blocked, id=40976, stack(0x000000aada500000,0x000000aada600000) (1024K)]
  0x00000261fc7ae110 JavaThread "DestroyJavaVM"                     [_thread_blocked, id=34128, stack(0x000000aad6f00000,0x000000aad7000000) (1024K)]
  0x00000261fc7b0870 JavaThread "HttpClient-2-Worker-41"     daemon [_thread_blocked, id=36528, stack(0x000000aad6d00000,0x000000aad6e00000) (1024K)]
  0x00000261fc7aee30 JavaThread "WebSocketConnectReadThread-8668"        [_thread_in_native, id=20372, stack(0x000000aad6e00000,0x000000aad6f00000) (1024K)]
  0x00000261fc7afb50 JavaThread "WebSocketWriteThread-8669"         [_thread_blocked, id=14292, stack(0x000000aad8900000,0x000000aad8a00000) (1024K)]
  0x00000261fc7b22b0 JavaThread "connectionLostChecker-1"           [_thread_blocked, id=27012, stack(0x000000aad8a00000,0x000000aad8b00000) (1024K)]
  0x00000261fc7b2940 JavaThread "WebSocketConnectReadThread-8671"        [_thread_in_native, id=8208, stack(0x000000aad8c00000,0x000000aad8d00000) (1024K)]
  0x00000261fc7b1590 JavaThread "WebSocketWriteThread-8672"         [_thread_blocked, id=3084, stack(0x000000aad8d00000,0x000000aad8e00000) (1024K)]
  0x00000261fc7b1c20 JavaThread "connectionLostChecker-1"           [_thread_blocked, id=11112, stack(0x000000aad8f00000,0x000000aad9000000) (1024K)]
  0x00000261fc7b01e0 JavaThread "WebSocketConnectReadThread-8674"        [_thread_in_native, id=38704, stack(0x000000aad9000000,0x000000aad9100000) (1024K)]
  0x00000261fc7b5730 JavaThread "WebSocketWriteThread-8675"         [_thread_blocked, id=29104, stack(0x000000aad9100000,0x000000aad9200000) (1024K)]
  0x00000261fc7b3cf0 JavaThread "connectionLostChecker-1"           [_thread_blocked, id=13576, stack(0x000000aad9200000,0x000000aad9300000) (1024K)]
  0x00000261fc7b4380 JavaThread "WebSocketConnectReadThread-8677"        [_thread_in_native, id=25788, stack(0x000000aad9300000,0x000000aad9400000) (1024K)]
  0x00000261fc7b50a0 JavaThread "WebSocketWriteThread-8678"         [_thread_blocked, id=39456, stack(0x000000aad9400000,0x000000aad9500000) (1024K)]
  0x00000261fc9a62b0 JavaThread "connectionLostChecker-1"           [_thread_blocked, id=20604, stack(0x000000aad9500000,0x000000aad9600000) (1024K)]
  0x00000261fc9a90a0 JavaThread "WebSocketConnectReadThread-8680"        [_thread_in_native, id=39020, stack(0x000000aad9600000,0x000000aad9700000) (1024K)]
  0x00000261fc9a6940 JavaThread "WebSocketWriteThread-8681"         [_thread_blocked, id=10340, stack(0x000000aad9700000,0x000000aad9800000) (1024K)]
  0x00000261fc9a7660 JavaThread "connectionLostChecker-1"           [_thread_blocked, id=31272, stack(0x000000aad9800000,0x000000aad9900000) (1024K)]
  0x00000261fc9a7cf0 JavaThread "WebSocketConnectReadThread-8683"        [_thread_in_native, id=10512, stack(0x000000aad9900000,0x000000aad9a00000) (1024K)]
  0x00000261fdf02320 JavaThread "WebSocketWriteThread-8684"         [_thread_blocked, id=5956, stack(0x000000aad9a00000,0x000000aad9b00000) (1024K)]
  0x00000261fdf01600 JavaThread "connectionLostChecker-1"           [_thread_blocked, id=2856, stack(0x000000aad9b00000,0x000000aad9c00000) (1024K)]
  0x00000261fdf029b0 JavaThread "WebSocketConnectReadThread-8686"        [_thread_in_native, id=41484, stack(0x000000aad9c00000,0x000000aad9d00000) (1024K)]
  0x00000261fdf01c90 JavaThread "WebSocketWriteThread-8687"         [_thread_blocked, id=14792, stack(0x000000aad9e00000,0x000000aad9f00000) (1024K)]
  0x00000261fdf03040 JavaThread "connectionLostChecker-1"           [_thread_blocked, id=35544, stack(0x000000aad9f00000,0x000000aada000000) (1024K)]
  0x00000261fdeffbc0 JavaThread "WebSocketConnectReadThread-8689"        [_thread_in_native, id=25312, stack(0x000000aada300000,0x000000aada400000) (1024K)]
  0x00000261fdf036d0 JavaThread "WebSocketWriteThread-8690"         [_thread_blocked, id=40568, stack(0x000000aada400000,0x000000aada500000) (1024K)]
  0x00000261fdf00f70 JavaThread "connectionLostChecker-1"           [_thread_blocked, id=32900, stack(0x000000aada600000,0x000000aada700000) (1024K)]
  0x00000261fdf00250 JavaThread "WebSocketConnectReadThread-8692"        [_thread_in_native, id=32672, stack(0x000000aada700000,0x000000aada800000) (1024K)]
  0x00000261fdf03d60 JavaThread "WebSocketWriteThread-8693"         [_thread_blocked, id=28440, stack(0x000000aada800000,0x000000aada900000) (1024K)]
  0x00000261fdf008e0 JavaThread "connectionLostChecker-1"           [_thread_blocked, id=10856, stack(0x000000aada900000,0x000000aadaa00000) (1024K)]
  0x00000261fdf043f0 JavaThread "WebSocketConnectReadThread-8695"        [_thread_in_native, id=17884, stack(0x000000aadaa00000,0x000000aadab00000) (1024K)]
  0x00000261fdf04a80 JavaThread "WebSocketWriteThread-8696"         [_thread_blocked, id=39540, stack(0x000000aadab00000,0x000000aadac00000) (1024K)]
  0x00000261fdf05110 JavaThread "connectionLostChecker-1"           [_thread_blocked, id=32220, stack(0x000000aadad00000,0x000000aadae00000) (1024K)]
  0x00000261fdf057a0 JavaThread "WebSocketConnectReadThread-8698"        [_thread_in_native, id=40048, stack(0x000000aadae00000,0x000000aadaf00000) (1024K)]
  0x00000261fdf05e30 JavaThread "WebSocketWriteThread-8699"         [_thread_blocked, id=13484, stack(0x000000aadaf00000,0x000000aadb000000) (1024K)]
  0x00000261fdf06b50 JavaThread "connectionLostChecker-1"           [_thread_blocked, id=22672, stack(0x000000aadb000000,0x000000aadb100000) (1024K)]
  0x00000261fdf064c0 JavaThread "WebSocketConnectReadThread-8701"        [_thread_in_native, id=28816, stack(0x000000aadb100000,0x000000aadb200000) (1024K)]
  0x00000261fdf071e0 JavaThread "WebSocketWriteThread-8702"         [_thread_blocked, id=22216, stack(0x000000aadb200000,0x000000aadb300000) (1024K)]
  0x00000261fcb8c8d0 JavaThread "connectionLostChecker-1"           [_thread_blocked, id=35360, stack(0x000000aadb300000,0x000000aadb400000) (1024K)]
  0x00000261fcb8ae90 JavaThread "WebSocketConnectReadThread-8704"        [_thread_in_native, id=40968, stack(0x000000aadb400000,0x000000aadb500000) (1024K)]
  0x00000261fcb8b520 JavaThread "WebSocketWriteThread-8705"         [_thread_blocked, id=25592, stack(0x000000aadb500000,0x000000aadb600000) (1024K)]
  0x00000261fcb8f030 JavaThread "connectionLostChecker-1"           [_thread_blocked, id=9860, stack(0x000000aadb600000,0x000000aadb700000) (1024K)]
  0x00000261fcb8bbb0 JavaThread "WebSocketConnectReadThread-8707"        [_thread_in_native, id=39760, stack(0x000000aadb700000,0x000000aadb800000) (1024K)]
  0x00000261fcb8dc80 JavaThread "WebSocketWriteThread-8708"         [_thread_blocked, id=15824, stack(0x000000aadb800000,0x000000aadb900000) (1024K)]
  0x00000261fcb8e9a0 JavaThread "connectionLostChecker-1"           [_thread_blocked, id=16752, stack(0x000000aadb900000,0x000000aadba00000) (1024K)]
  0x00000261fcb8e310 JavaThread "WebSocketConnectReadThread-8710"        [_thread_in_native, id=23156, stack(0x000000aad6c00000,0x000000aad6d00000) (1024K)]
  0x00000261fcb8f6c0 JavaThread "WebSocketWriteThread-8711"         [_thread_blocked, id=19116, stack(0x000000aad8700000,0x000000aad8800000) (1024K)]
  0x00000261fcb8d5f0 JavaThread "connectionLostChecker-1"           [_thread_blocked, id=27740, stack(0x000000aadba00000,0x000000aadbb00000) (1024K)]
  0x00000261fcb8c240 JavaThread "WebSocketConnectReadThread-8713"        [_thread_in_native, id=35056, stack(0x000000aadbb00000,0x000000aadbc00000) (1024K)]
  0x00000261fcb8fd50 JavaThread "WebSocketWriteThread-8714"         [_thread_blocked, id=8464, stack(0x000000aadbc00000,0x000000aadbd00000) (1024K)]
  0x00000261fcb903e0 JavaThread "connectionLostChecker-1"           [_thread_blocked, id=5164, stack(0x000000aadbd00000,0x000000aadbe00000) (1024K)]
  0x00000261fcb8cf60 JavaThread "WebSocketConnectReadThread-8716"        [_thread_in_native, id=14404, stack(0x000000aadbe00000,0x000000aadbf00000) (1024K)]
  0x00000261fcb91e20 JavaThread "WebSocketWriteThread-8717"         [_thread_blocked, id=14388, stack(0x000000aadbf00000,0x000000aadc000000) (1024K)]
  0x00000261fcb90a70 JavaThread "connectionLostChecker-1"           [_thread_blocked, id=11156, stack(0x000000aadc000000,0x000000aadc100000) (1024K)]
  0x00000261fcb91100 JavaThread "WebSocketConnectReadThread-8719"        [_thread_in_native, id=30420, stack(0x000000aadc100000,0x000000aadc200000) (1024K)]
  0x00000261fcb91790 JavaThread "WebSocketWriteThread-8720"         [_thread_blocked, id=36556, stack(0x000000aadc200000,0x000000aadc300000) (1024K)]
  0x00000261fcb924b0 JavaThread "connectionLostChecker-1"           [_thread_blocked, id=17560, stack(0x000000aadc300000,0x000000aadc400000) (1024K)]
  0x00000261f784cdb0 JavaThread "WebSocketConnectReadThread-8722"        [_thread_in_native, id=12176, stack(0x000000aadc400000,0x000000aadc500000) (1024K)]
  0x00000261f784c720 JavaThread "WebSocketWriteThread-8723"         [_thread_blocked, id=23440, stack(0x000000aadc500000,0x000000aadc600000) (1024K)]
  0x00000261f784a650 JavaThread "connectionLostChecker-1"           [_thread_blocked, id=5512, stack(0x000000aadc600000,0x000000aadc700000) (1024K)]
  0x00000261f784ba00 JavaThread "WebSocketConnectReadThread-8725"        [_thread_in_native, id=30040, stack(0x000000aadc700000,0x000000aadc800000) (1024K)]
  0x00000261f784c090 JavaThread "WebSocketWriteThread-8726"         [_thread_blocked, id=33708, stack(0x000000aadc800000,0x000000aadc900000) (1024K)]
  0x00000261f784d440 JavaThread "connectionLostChecker-1"           [_thread_blocked, id=31428, stack(0x000000aadc900000,0x000000aadca00000) (1024K)]
  0x00000261f7849fc0 JavaThread "WebSocketConnectReadThread-8728"        [_thread_in_native, id=15584, stack(0x000000aadca00000,0x000000aadcb00000) (1024K)]
  0x00000261f784ace0 JavaThread "WebSocketWriteThread-8729"         [_thread_blocked, id=41148, stack(0x000000aadcb00000,0x000000aadcc00000) (1024K)]
  0x00000261f784b370 JavaThread "connectionLostChecker-1"           [_thread_blocked, id=1868, stack(0x000000aadcc00000,0x000000aadcd00000) (1024K)]
  0x00000261fe3afa60 JavaThread "WebSocketConnectReadThread-8731"        [_thread_in_native, id=7144, stack(0x000000aadcd00000,0x000000aadce00000) (1024K)]
  0x00000261fe3b00f0 JavaThread "WebSocketWriteThread-8732"         [_thread_blocked, id=4996, stack(0x000000aadce00000,0x000000aadcf00000) (1024K)]
  0x00000261fe3acc70 JavaThread "connectionLostChecker-1"           [_thread_blocked, id=37032, stack(0x000000aadcf00000,0x000000aadd000000) (1024K)]
  0x00000261fe3b0780 JavaThread "WebSocketConnectReadThread-8734"        [_thread_in_native, id=9428, stack(0x000000aadd000000,0x000000aadd100000) (1024K)]
  0x00000261fe3aed40 JavaThread "WebSocketWriteThread-8735"         [_thread_blocked, id=28596, stack(0x000000aadd100000,0x000000aadd200000) (1024K)]
  0x00000261fe3ad300 JavaThread "connectionLostChecker-1"           [_thread_blocked, id=28448, stack(0x000000aadd200000,0x000000aadd300000) (1024K)]
  0x00000261fe3ae020 JavaThread "WebSocketConnectReadThread-8737"        [_thread_in_native, id=20060, stack(0x000000aadd300000,0x000000aadd400000) (1024K)]
  0x00000261fe3af3d0 JavaThread "WebSocketWriteThread-8738"         [_thread_blocked, id=30168, stack(0x000000aadd400000,0x000000aadd500000) (1024K)]
  0x00000261fe3b0e10 JavaThread "connectionLostChecker-1"           [_thread_blocked, id=18064, stack(0x000000aadd500000,0x000000aadd600000) (1024K)]
  0x00000261fe3ad990 JavaThread "WebSocketConnectReadThread-8740"        [_thread_in_native, id=20380, stack(0x000000aadd600000,0x000000aadd700000) (1024K)]
  0x00000261fe3b14a0 JavaThread "WebSocketWriteThread-8741"         [_thread_blocked, id=15948, stack(0x000000aadd700000,0x000000aadd800000) (1024K)]
  0x00000261fe3b1b30 JavaThread "connectionLostChecker-1"           [_thread_blocked, id=28216, stack(0x000000aadd800000,0x000000aadd900000) (1024K)]
  0x00000261fe3ae6b0 JavaThread "WebSocketConnectReadThread-8743"        [_thread_in_native, id=23876, stack(0x000000aadd900000,0x000000aadda00000) (1024K)]
  0x00000261fe3b3c00 JavaThread "WebSocketWriteThread-8744"         [_thread_blocked, id=9324, stack(0x000000aadda00000,0x000000aaddb00000) (1024K)]
  0x00000261fe3b21c0 JavaThread "connectionLostChecker-1"           [_thread_blocked, id=39316, stack(0x000000aaddb00000,0x000000aaddc00000) (1024K)]
  0x00000261fe3b2850 JavaThread "WebSocketConnectReadThread-8746"        [_thread_in_native, id=39136, stack(0x000000aaddc00000,0x000000aaddd00000) (1024K)]
  0x00000261fe3b3570 JavaThread "WebSocketWriteThread-8747"         [_thread_blocked, id=18164, stack(0x000000aaddd00000,0x000000aadde00000) (1024K)]
  0x00000261fe3b2ee0 JavaThread "connectionLostChecker-1"           [_thread_blocked, id=35280, stack(0x000000aadde00000,0x000000aaddf00000) (1024K)]
  0x00000261fe3b4290 JavaThread "WebSocketConnectReadThread-8749"        [_thread_in_native, id=38180, stack(0x000000aaddf00000,0x000000aade000000) (1024K)]
  0x0000026182635930 JavaThread "WebSocketWriteThread-8750"         [_thread_blocked, id=29752, stack(0x000000aade000000,0x000000aade100000) (1024K)]
  0x0000026182633860 JavaThread "connectionLostChecker-1"           [_thread_blocked, id=32696, stack(0x000000aade100000,0x000000aade200000) (1024K)]
  0x0000026182632b40 JavaThread "WebSocketConnectReadThread-8752"        [_thread_in_native, id=13648, stack(0x000000aade200000,0x000000aade300000) (1024K)]
  0x00000261826352a0 JavaThread "WebSocketWriteThread-8753"         [_thread_blocked, id=13076, stack(0x000000aade300000,0x000000aade400000) (1024K)]
  0x0000026182635fc0 JavaThread "connectionLostChecker-1"           [_thread_blocked, id=33984, stack(0x000000aade400000,0x000000aade500000) (1024K)]
  0x0000026182636650 JavaThread "WebSocketConnectReadThread-8755"        [_thread_in_native, id=19968, stack(0x000000aade500000,0x000000aade600000) (1024K)]
  0x0000026182633ef0 JavaThread "WebSocketWriteThread-8756"         [_thread_blocked, id=9672, stack(0x000000aade600000,0x000000aade700000) (1024K)]
  0x0000026182634c10 JavaThread "connectionLostChecker-1"           [_thread_blocked, id=34460, stack(0x000000aade700000,0x000000aade800000) (1024K)]
  0x00000261826331d0 JavaThread "WebSocketConnectReadThread-8758"        [_thread_in_native, id=37552, stack(0x000000aade800000,0x000000aade900000) (1024K)]
  0x0000026182636ce0 JavaThread "WebSocketWriteThread-8759"         [_thread_blocked, id=29260, stack(0x000000aade900000,0x000000aadea00000) (1024K)]
  0x0000026182637370 JavaThread "connectionLostChecker-1"           [_thread_blocked, id=27236, stack(0x000000aadea00000,0x000000aadeb00000) (1024K)]
  0x0000026182637a00 JavaThread "WebSocketConnectReadThread-8761"        [_thread_in_native, id=30424, stack(0x000000aadeb00000,0x000000aadec00000) (1024K)]
  0x0000026182634580 JavaThread "WebSocketWriteThread-8762"         [_thread_blocked, id=30380, stack(0x000000aadec00000,0x000000aaded00000) (1024K)]
  0x0000026182638090 JavaThread "connectionLostChecker-1"           [_thread_blocked, id=8468, stack(0x000000aaded00000,0x000000aadee00000) (1024K)]
  0x0000026182638720 JavaThread "WebSocketConnectReadThread-8764"        [_thread_in_native, id=18996, stack(0x000000aadee00000,0x000000aadef00000) (1024K)]
  0x0000026182638db0 JavaThread "WebSocketWriteThread-8765"         [_thread_blocked, id=29496, stack(0x000000aadef00000,0x000000aadf000000) (1024K)]
  0x0000026182639440 JavaThread "connectionLostChecker-1"           [_thread_blocked, id=504, stack(0x000000aadf000000,0x000000aadf100000) (1024K)]
  0x0000026182639ad0 JavaThread "WebSocketConnectReadThread-8767"        [_thread_in_native, id=12972, stack(0x000000aadf100000,0x000000aadf200000) (1024K)]
  0x000002618263a160 JavaThread "WebSocketWriteThread-8768"         [_thread_blocked, id=35508, stack(0x000000aadf200000,0x000000aadf300000) (1024K)]
  0x00000261f78c47c0 JavaThread "connectionLostChecker-1"           [_thread_blocked, id=33380, stack(0x000000aadf300000,0x000000aadf400000) (1024K)]
  0x00000261f78c3410 JavaThread "WebSocketConnectReadThread-8770"        [_thread_in_native, id=15132, stack(0x000000aadf400000,0x000000aadf500000) (1024K)]
  0x00000261f78c3aa0 JavaThread "WebSocketWriteThread-8771"         [_thread_blocked, id=11392, stack(0x000000aadf500000,0x000000aadf600000) (1024K)]
  0x00000261f78c2060 JavaThread "connectionLostChecker-1"           [_thread_blocked, id=19592, stack(0x000000aadf600000,0x000000aadf700000) (1024K)]
  0x00000261f78c4130 JavaThread "WebSocketConnectReadThread-8773"        [_thread_in_native, id=32788, stack(0x000000aadf700000,0x000000aadf800000) (1024K)]
  0x00000261f78c4e50 JavaThread "WebSocketWriteThread-8774"         [_thread_blocked, id=580, stack(0x000000aadf800000,0x000000aadf900000) (1024K)]
  0x00000261f78c54e0 JavaThread "connectionLostChecker-1"           [_thread_blocked, id=12932, stack(0x000000aadf900000,0x000000aadfa00000) (1024K)]
  0x00000261f78c26f0 JavaThread "WebSocketConnectReadThread-8776"        [_thread_in_native, id=5964, stack(0x000000aadfa00000,0x000000aadfb00000) (1024K)]
  0x00000261f78c2d80 JavaThread "WebSocketWriteThread-8777"         [_thread_blocked, id=8964, stack(0x000000aadfb00000,0x000000aadfc00000) (1024K)]
  0x00000261fe9748d0 JavaThread "connectionLostChecker-1"           [_thread_blocked, id=26736, stack(0x000000aadfc00000,0x000000aadfd00000) (1024K)]
  0x00000261fe974f60 JavaThread "WebSocketConnectReadThread-8779"        [_thread_in_native, id=37764, stack(0x000000aadfd00000,0x000000aadfe00000) (1024K)]
  0x00000261fe975c80 JavaThread "WebSocketWriteThread-8780"         [_thread_blocked, id=25420, stack(0x000000aadfe00000,0x000000aadff00000) (1024K)]
  0x00000261fe976310 JavaThread "connectionLostChecker-1"           [_thread_blocked, id=12600, stack(0x000000aadff00000,0x000000aae0000000) (1024K)]
  0x00000261fe9769a0 JavaThread "WebSocketConnectReadThread-8782"        [_thread_in_native, id=30864, stack(0x000000aae0000000,0x000000aae0100000) (1024K)]
  0x00000261fe977030 JavaThread "WebSocketWriteThread-8783"         [_thread_blocked, id=18820, stack(0x000000aae0100000,0x000000aae0200000) (1024K)]
  0x00000261fe973bb0 JavaThread "connectionLostChecker-1"           [_thread_blocked, id=39980, stack(0x000000aae0200000,0x000000aae0300000) (1024K)]
  0x00000261fe9776c0 JavaThread "WebSocketConnectReadThread-8785"        [_thread_in_native, id=27684, stack(0x000000aae0300000,0x000000aae0400000) (1024K)]
  0x00000261fe974240 JavaThread "WebSocketWriteThread-8786"         [_thread_blocked, id=19880, stack(0x000000aae0400000,0x000000aae0500000) (1024K)]
  0x00000261fe977d50 JavaThread "connectionLostChecker-1"           [_thread_blocked, id=3740, stack(0x000000aae0500000,0x000000aae0600000) (1024K)]
  0x00000261fe9783e0 JavaThread "WebSocketConnectReadThread-8788"        [_thread_in_native, id=5920, stack(0x000000aae0600000,0x000000aae0700000) (1024K)]
  0x00000261fe978a70 JavaThread "WebSocketWriteThread-8789"         [_thread_blocked, id=35144, stack(0x000000aae0700000,0x000000aae0800000) (1024K)]
  0x00000261fe9755f0 JavaThread "connectionLostChecker-1"           [_thread_blocked, id=9424, stack(0x000000aae0800000,0x000000aae0900000) (1024K)]
  0x00000261fe979100 JavaThread "WebSocketConnectReadThread-8791"        [_thread_in_native, id=4216, stack(0x000000aae0900000,0x000000aae0a00000) (1024K)]
  0x00000261fe979790 JavaThread "WebSocketWriteThread-8792"         [_thread_blocked, id=12644, stack(0x000000aae0a00000,0x000000aae0b00000) (1024K)]
  0x00000261fe979e20 JavaThread "connectionLostChecker-1"           [_thread_blocked, id=38904, stack(0x000000aae0b00000,0x000000aae0c00000) (1024K)]
  0x00000261fe97a4b0 JavaThread "WebSocketConnectReadThread-8794"        [_thread_in_native, id=2256, stack(0x000000aae0c00000,0x000000aae0d00000) (1024K)]
  0x00000261fe97ab40 JavaThread "WebSocketWriteThread-8795"         [_thread_blocked, id=31588, stack(0x000000aae0d00000,0x000000aae0e00000) (1024K)]
  0x00000261fe97b1d0 JavaThread "connectionLostChecker-1"           [_thread_blocked, id=26132, stack(0x000000aae0e00000,0x000000aae0f00000) (1024K)]
  0x00000261fc7991b0 JavaThread "WebSocketConnectReadThread-8797"        [_thread_in_native, id=40360, stack(0x000000aae0f00000,0x000000aae1000000) (1024K)]
  0x00000261fc797e00 JavaThread "WebSocketWriteThread-8798"         [_thread_blocked, id=40156, stack(0x000000aae1000000,0x000000aae1100000) (1024K)]
  0x00000261fc798b20 JavaThread "connectionLostChecker-1"           [_thread_blocked, id=1100, stack(0x000000aae1100000,0x000000aae1200000) (1024K)]
  0x00000261fc799840 JavaThread "WebSocketConnectReadThread-8800"        [_thread_in_native, id=34596, stack(0x000000aae1200000,0x000000aae1300000) (1024K)]
  0x00000261fc797770 JavaThread "WebSocketWriteThread-8801"         [_thread_blocked, id=10256, stack(0x000000aae1300000,0x000000aae1400000) (1024K)]
  0x00000261fc798490 JavaThread "connectionLostChecker-1"           [_thread_blocked, id=21580, stack(0x000000aae1400000,0x000000aae1500000) (1024K)]
  0x00000261fc7963c0 JavaThread "WebSocketConnectReadThread-8803"        [_thread_in_native, id=22124, stack(0x000000aae1500000,0x000000aae1600000) (1024K)]
  0x00000261fc799ed0 JavaThread "WebSocketWriteThread-8804"         [_thread_blocked, id=14476, stack(0x000000aae1600000,0x000000aae1700000) (1024K)]
  0x00000261fc796a50 JavaThread "connectionLostChecker-1"           [_thread_blocked, id=3448, stack(0x000000aae1700000,0x000000aae1800000) (1024K)]
  0x00000261fc79a560 JavaThread "WebSocketConnectReadThread-8806"        [_thread_in_native, id=39676, stack(0x000000aae1800000,0x000000aae1900000) (1024K)]
  0x00000261fc7970e0 JavaThread "WebSocketWriteThread-8807"         [_thread_blocked, id=18684, stack(0x000000aae1900000,0x000000aae1a00000) (1024K)]
  0x00000261fc79d9e0 JavaThread "connectionLostChecker-1"           [_thread_blocked, id=33284, stack(0x000000aae1a00000,0x000000aae1b00000) (1024K)]
  0x00000261fc79c630 JavaThread "WebSocketConnectReadThread-8809"        [_thread_in_native, id=36632, stack(0x000000aae1b00000,0x000000aae1c00000) (1024K)]
  0x00000261fc79abf0 JavaThread "WebSocketWriteThread-8810"         [_thread_in_Java, id=13244, stack(0x000000aae1c00000,0x000000aae1d00000) (1024K)]
  0x00000261fc79b280 JavaThread "connectionLostChecker-1"           [_thread_blocked, id=34688, stack(0x000000aae1d00000,0x000000aae1e00000) (1024K)]
  0x00000261fc79b910 JavaThread "WebSocketConnectReadThread-8812"        [_thread_in_native, id=17888, stack(0x000000aae1e00000,0x000000aae1f00000) (1024K)]
  0x00000261fc79bfa0 JavaThread "WebSocketWriteThread-8813"         [_thread_blocked, id=17940, stack(0x000000aae1f00000,0x000000aae2000000) (1024K)]
  0x00000261fc79ccc0 JavaThread "connectionLostChecker-1"           [_thread_blocked, id=14452, stack(0x000000aae2000000,0x000000aae2100000) (1024K)]
  0x00000261fc79d350 JavaThread "WebSocketConnectReadThread-8815"        [_thread_in_native, id=27924, stack(0x000000aae2100000,0x000000aae2200000) (1024K)]
  0x00000261fe7e8140 JavaThread "WebSocketWriteThread-8816"         [_thread_blocked, id=13324, stack(0x000000aae2200000,0x000000aae2300000) (1024K)]
  0x00000261fe7e8e60 JavaThread "connectionLostChecker-1"           [_thread_blocked, id=40828, stack(0x000000aae2300000,0x000000aae2400000) (1024K)]
  0x00000261fe7e87d0 JavaThread "WebSocketConnectReadThread-8818"        [_thread_in_native, id=20200, stack(0x000000aae2400000,0x000000aae2500000) (1024K)]
  0x00000261fe7e59e0 JavaThread "WebSocketWriteThread-8819"         [_thread_blocked, id=19772, stack(0x000000aae2500000,0x000000aae2600000) (1024K)]
  0x00000261fe7e94f0 JavaThread "connectionLostChecker-1"           [_thread_blocked, id=18848, stack(0x000000aae2600000,0x000000aae2700000) (1024K)]
  0x00000261fe7e7ab0 JavaThread "WebSocketConnectReadThread-8821"        [_thread_in_native, id=27216, stack(0x000000aae2700000,0x000000aae2800000) (1024K)]
  0x00000261fe7e6070 JavaThread "WebSocketWriteThread-8822"         [_thread_blocked, id=22204, stack(0x000000aae2800000,0x000000aae2900000) (1024K)]
  0x00000261fe7e6700 JavaThread "connectionLostChecker-1"           [_thread_blocked, id=23020, stack(0x000000aae2900000,0x000000aae2a00000) (1024K)]
  0x00000261fe7e6d90 JavaThread "WebSocketConnectReadThread-8824"        [_thread_in_native, id=32376, stack(0x000000aae2a00000,0x000000aae2b00000) (1024K)]
  0x00000261fe7e9b80 JavaThread "WebSocketWriteThread-8825"         [_thread_blocked, id=18168, stack(0x000000aae2b00000,0x000000aae2c00000) (1024K)]
  0x00000261fe7ea210 JavaThread "connectionLostChecker-1"           [_thread_blocked, id=28480, stack(0x000000aae2c00000,0x000000aae2d00000) (1024K)]
  0x00000261fe7ea8a0 JavaThread "WebSocketConnectReadThread-8827"        [_thread_in_native, id=39428, stack(0x000000aae2d00000,0x000000aae2e00000) (1024K)]
  0x00000261fe7e7420 JavaThread "WebSocketWriteThread-8828"         [_thread_blocked, id=8472, stack(0x000000aae2e00000,0x000000aae2f00000) (1024K)]
  0x00000261fe7ec2e0 JavaThread "connectionLostChecker-1"           [_thread_blocked, id=20784, stack(0x000000aae2f00000,0x000000aae3000000) (1024K)]
  0x00000261fe7ec970 JavaThread "WebSocketConnectReadThread-8830"        [_thread_in_native, id=42012, stack(0x000000aae3000000,0x000000aae3100000) (1024K)]
  0x00000261fe7eaf30 JavaThread "WebSocketWriteThread-8831"         [_thread_blocked, id=42028, stack(0x000000aae3100000,0x000000aae3200000) (1024K)]
  0x00000261fe7eea40 JavaThread "connectionLostChecker-1"           [_thread_blocked, id=42068, stack(0x000000aae3200000,0x000000aae3300000) (1024K)]
  0x00000261fe7ed000 JavaThread "WebSocketConnectReadThread-8833"        [_thread_in_native, id=42432, stack(0x000000aae3300000,0x000000aae3400000) (1024K)]
  0x00000261fe7ebc50 JavaThread "WebSocketWriteThread-8834"         [_thread_blocked, id=42492, stack(0x000000aae3400000,0x000000aae3500000) (1024K)]
  0x00000261fe7ed690 JavaThread "connectionLostChecker-1"           [_thread_blocked, id=42564, stack(0x000000aae3500000,0x000000aae3600000) (1024K)]
  0x00000261fe7edd20 JavaThread "WebSocketConnectReadThread-8836"        [_thread_in_native, id=42796, stack(0x000000aae3600000,0x000000aae3700000) (1024K)]
  0x00000261fe7ee3b0 JavaThread "WebSocketWriteThread-8837"         [_thread_blocked, id=42916, stack(0x000000aae3700000,0x000000aae3800000) (1024K)]
  0x00000261fe7eb5c0 JavaThread "connectionLostChecker-1"           [_thread_blocked, id=42976, stack(0x000000aae3800000,0x000000aae3900000) (1024K)]
  0x00000261fe7f1ec0 JavaThread "WebSocketConnectReadThread-8839"        [_thread_in_native, id=31208, stack(0x000000aae3900000,0x000000aae3a00000) (1024K)]
  0x00000261fe7f2550 JavaThread "WebSocketWriteThread-8840"         [_thread_blocked, id=33292, stack(0x000000aae3a00000,0x000000aae3b00000) (1024K)]
  0x00000261fe7efdf0 JavaThread "connectionLostChecker-1"           [_thread_blocked, id=15712, stack(0x000000aae3b00000,0x000000aae3c00000) (1024K)]
  0x00000261fe7ef0d0 JavaThread "WebSocketConnectReadThread-8842"        [_thread_in_native, id=21868, stack(0x000000aae3c00000,0x000000aae3d00000) (1024K)]
  0x00000261fe7f1830 JavaThread "WebSocketWriteThread-8843"         [_thread_blocked, id=4928, stack(0x000000aae3d00000,0x000000aae3e00000) (1024K)]
  0x00000261fe7f2be0 JavaThread "connectionLostChecker-1"           [_thread_blocked, id=43020, stack(0x000000aae3e00000,0x000000aae3f00000) (1024K)]
  0x00000261fe7f0480 JavaThread "WebSocketConnectReadThread-8845"        [_thread_in_native, id=43328, stack(0x000000aae3f00000,0x000000aae4000000) (1024K)]
  0x00000261fe7f0b10 JavaThread "WebSocketWriteThread-8846"         [_thread_blocked, id=43340, stack(0x000000aae4000000,0x000000aae4100000) (1024K)]
  0x00000261fe7f3f90 JavaThread "connectionLostChecker-1"           [_thread_blocked, id=43384, stack(0x000000aae4100000,0x000000aae4200000) (1024K)]
  0x00000261fe7ef760 JavaThread "WebSocketConnectReadThread-8848"        [_thread_in_native, id=43920, stack(0x000000aae4200000,0x000000aae4300000) (1024K)]
  0x00000261fe7f3270 JavaThread "WebSocketWriteThread-8849"         [_thread_blocked, id=43932, stack(0x000000aae4300000,0x000000aae4400000) (1024K)]
  0x00000261fe7f4620 JavaThread "connectionLostChecker-1"           [_thread_blocked, id=43988, stack(0x000000aae4400000,0x000000aae4500000) (1024K)]
  0x00000261fe7f3900 JavaThread "WebSocketConnectReadThread-8851"        [_thread_in_native, id=43620, stack(0x000000aae4500000,0x000000aae4600000) (1024K)]
  0x00000261fe7f11a0 JavaThread "WebSocketWriteThread-8852"         [_thread_blocked, id=43520, stack(0x000000aae4600000,0x000000aae4700000) (1024K)]
  0x00000261fe7f4cb0 JavaThread "connectionLostChecker-1"           [_thread_blocked, id=43112, stack(0x000000aae4700000,0x000000aae4800000) (1024K)]
  0x00000261fe0a86f0 JavaThread "WebSocketConnectReadThread-8854"        [_thread_in_native, id=44224, stack(0x000000aae4800000,0x000000aae4900000) (1024K)]
  0x00000261fe0a8d80 JavaThread "WebSocketWriteThread-8855"         [_thread_blocked, id=44304, stack(0x000000aae4900000,0x000000aae4a00000) (1024K)]
  0x00000261fe0a9410 JavaThread "connectionLostChecker-1"           [_thread_blocked, id=44328, stack(0x000000aae4a00000,0x000000aae4b00000) (1024K)]
  0x00000261fe0aae50 JavaThread "WebSocketConnectReadThread-8857"        [_thread_in_native, id=44624, stack(0x000000aae4b00000,0x000000aae4c00000) (1024K)]
  0x00000261fe0a9aa0 JavaThread "WebSocketWriteThread-8858"         [_thread_blocked, id=44708, stack(0x000000aae4c00000,0x000000aae4d00000) (1024K)]
  0x00000261fe0aa7c0 JavaThread "connectionLostChecker-1"           [_thread_blocked, id=44760, stack(0x000000aae4d00000,0x000000aae4e00000) (1024K)]
  0x00000261fe0aa130 JavaThread "WebSocketConnectReadThread-8860"        [_thread_in_native, id=45024, stack(0x000000aae4e00000,0x000000aae4f00000) (1024K)]
  0x00000261fe0ab4e0 JavaThread "WebSocketWriteThread-8861"         [_thread_blocked, id=43508, stack(0x000000aae4f00000,0x000000aae5000000) (1024K)]
  0x00000261fe0a8060 JavaThread "connectionLostChecker-1"           [_thread_blocked, id=44228, stack(0x000000aae5000000,0x000000aae5100000) (1024K)]
  0x00000261fe0ad5b0 JavaThread "WebSocketConnectReadThread-8863"        [_thread_in_native, id=28852, stack(0x000000aae5100000,0x000000aae5200000) (1024K)]
  0x00000261fe0adc40 JavaThread "WebSocketWriteThread-8864"         [_thread_blocked, id=43668, stack(0x000000aae5200000,0x000000aae5300000) (1024K)]
  0x00000261fe0ae2d0 JavaThread "connectionLostChecker-1"           [_thread_blocked, id=44320, stack(0x000000aae5300000,0x000000aae5400000) (1024K)]
  0x00000261fe0ae960 JavaThread "WebSocketConnectReadThread-8866"        [_thread_in_native, id=24896, stack(0x000000aae5400000,0x000000aae5500000) (1024K)]
  0x00000261fe0aeff0 JavaThread "WebSocketWriteThread-8867"         [_thread_blocked, id=30852, stack(0x000000aae5500000,0x000000aae5600000) (1024K)]
  0x00000261fe0abb70 JavaThread "connectionLostChecker-1"           [_thread_blocked, id=6208, stack(0x000000aae5600000,0x000000aae5700000) (1024K)]
  0x00000261fe0af680 JavaThread "WebSocketConnectReadThread-8869"        [_thread_in_native, id=45500, stack(0x000000aae5700000,0x000000aae5800000) (1024K)]
  0x00000261fe0ac200 JavaThread "WebSocketWriteThread-8870"         [_thread_blocked, id=45512, stack(0x000000aae5800000,0x000000aae5900000) (1024K)]
  0x00000261fe0afd10 JavaThread "connectionLostChecker-1"           [_thread_blocked, id=45552, stack(0x000000aae5900000,0x000000aae5a00000) (1024K)]
  0x00000261fe0ac890 JavaThread "WebSocketConnectReadThread-8872"        [_thread_in_native, id=45900, stack(0x000000aae5a00000,0x000000aae5b00000) (1024K)]
  0x00000261fe0b03a0 JavaThread "WebSocketWriteThread-8873"         [_thread_blocked, id=45912, stack(0x000000aae5b00000,0x000000aae5c00000) (1024K)]
  0x00000261fe0acf20 JavaThread "connectionLostChecker-1"           [_thread_blocked, id=45916, stack(0x000000aae5c00000,0x000000aae5d00000) (1024K)]
  0x00000261fe0b3eb0 JavaThread "WebSocketConnectReadThread-8875"        [_thread_in_native, id=41540, stack(0x000000aae5d00000,0x000000aae5e00000) (1024K)]
  0x00000261fe0b1de0 JavaThread "WebSocketWriteThread-8876"         [_thread_blocked, id=11944, stack(0x000000aae5e00000,0x000000aae5f00000) (1024K)]
  0x00000261fe0b10c0 JavaThread "connectionLostChecker-1"           [_thread_blocked, id=45348, stack(0x000000aae5f00000,0x000000aae6000000) (1024K)]
  0x00000261fe0b3820 JavaThread "WebSocketConnectReadThread-8878"        [_thread_in_native, id=46084, stack(0x000000aae6000000,0x000000aae6100000) (1024K)]
  0x00000261fe0b2470 JavaThread "WebSocketWriteThread-8879"         [_thread_blocked, id=46100, stack(0x000000aae6100000,0x000000aae6200000) (1024K)]
  0x00000261fe0b0a30 JavaThread "connectionLostChecker-1"           [_thread_blocked, id=46116, stack(0x000000aae6200000,0x000000aae6300000) (1024K)]
  0x00000261fe0b4540 JavaThread "WebSocketConnectReadThread-8881"        [_thread_in_native, id=46516, stack(0x000000aae6300000,0x000000aae6400000) (1024K)]
  0x00000261fe0b1750 JavaThread "WebSocketWriteThread-8882"         [_thread_blocked, id=46528, stack(0x000000aae6400000,0x000000aae6500000) (1024K)]
  0x00000261fe0b4bd0 JavaThread "connectionLostChecker-1"           [_thread_blocked, id=46576, stack(0x000000aae6500000,0x000000aae6600000) (1024K)]
  0x00000261fe0b5f80 JavaThread "WebSocketConnectReadThread-8884"        [_thread_in_native, id=47012, stack(0x000000aae6600000,0x000000aae6700000) (1024K)]
  0x00000261fe0b5260 JavaThread "WebSocketWriteThread-8885"         [_thread_blocked, id=47024, stack(0x000000aae6700000,0x000000aae6800000) (1024K)]
  0x00000261fe0b3190 JavaThread "connectionLostChecker-1"           [_thread_blocked, id=45972, stack(0x000000aae6800000,0x000000aae6900000) (1024K)]
  0x00000261fe0b2b00 JavaThread "WebSocketConnectReadThread-8887"        [_thread_in_native, id=46552, stack(0x000000aae6900000,0x000000aae6a00000) (1024K)]
  0x00000261fe0b7330 JavaThread "WebSocketWriteThread-8888"         [_thread_blocked, id=40152, stack(0x000000aae6a00000,0x000000aae6b00000) (1024K)]
  0x00000261fe0b6ca0 JavaThread "connectionLostChecker-1"           [_thread_blocked, id=46152, stack(0x000000aae6b00000,0x000000aae6c00000) (1024K)]
  0x00000261fe0b58f0 JavaThread "WebSocketConnectReadThread-8890"        [_thread_in_native, id=7888, stack(0x000000aae6e00000,0x000000aae6f00000) (1024K)]
  0x00000261fe0b6610 JavaThread "WebSocketWriteThread-8891"         [_thread_blocked, id=42804, stack(0x000000aae6f00000,0x000000aae7000000) (1024K)]
  0x00000261fe372460 JavaThread "WebSocketConnectReadThread-8892"        [_thread_in_native, id=47468, stack(0x000000aae7000000,0x000000aae7100000) (1024K)]
  0x00000261fe36f670 JavaThread "WebSocketWriteThread-8893"         [_thread_blocked, id=47484, stack(0x000000aae7100000,0x000000aae7200000) (1024K)]
  0x00000261fe370390 JavaThread "connectionLostChecker-1"           [_thread_blocked, id=46584, stack(0x000000aae7200000,0x000000aae7300000) (1024K)]
  0x00000261fe370a20 JavaThread "connectionLostChecker-1"           [_thread_blocked, id=47756, stack(0x000000aae7300000,0x000000aae7400000) (1024K)]
  0x00000261fe36efe0 JavaThread "WebSocketConnectReadThread-8896"        [_thread_in_native, id=47064, stack(0x000000aae7400000,0x000000aae7500000) (1024K)]
  0x00000261fe373180 JavaThread "WebSocketWriteThread-8897"         [_thread_blocked, id=47964, stack(0x000000aae7500000,0x000000aae7600000) (1024K)]
  0x00000261fe36fd00 JavaThread "connectionLostChecker-1"           [_thread_blocked, id=47284, stack(0x000000aae7600000,0x000000aae7700000) (1024K)]
  0x00000261fe374530 JavaThread "WebSocketConnectReadThread-8899"        [_thread_in_native, id=41324, stack(0x000000aae7700000,0x000000aae7800000) (1024K)]
  0x00000261fe373810 JavaThread "WebSocketWriteThread-8900"         [_thread_blocked, id=47980, stack(0x000000aae7800000,0x000000aae7900000) (1024K)]
  0x00000261fe372af0 JavaThread "connectionLostChecker-1"           [_thread_blocked, id=47844, stack(0x000000aae7900000,0x000000aae7a00000) (1024K)]
  0x00000261fe3710b0 JavaThread "WebSocketConnectReadThread-8902"        [_thread_in_native, id=48452, stack(0x000000aae7a00000,0x000000aae7b00000) (1024K)]
  0x00000261fe373ea0 JavaThread "WebSocketWriteThread-8903"         [_thread_blocked, id=48520, stack(0x000000aae7b00000,0x000000aae7c00000) (1024K)]
  0x00000261fe371740 JavaThread "connectionLostChecker-1"           [_thread_blocked, id=48636, stack(0x000000aae7c00000,0x000000aae7d00000) (1024K)]
  0x00000261fe371dd0 JavaThread "WebSocketConnectReadThread-8905"        [_thread_in_native, id=49092, stack(0x000000aae7d00000,0x000000aae7e00000) (1024K)]
  0x00000261fe3758e0 JavaThread "WebSocketWriteThread-8906"         [_thread_blocked, id=49144, stack(0x000000aae7e00000,0x000000aae7f00000) (1024K)]
  0x00000261fe377320 JavaThread "connectionLostChecker-1"           [_thread_blocked, id=34096, stack(0x000000aae7f00000,0x000000aae8000000) (1024K)]
  0x00000261fe376c90 JavaThread "WebSocketConnectReadThread-8908"        [_thread_in_native, id=48380, stack(0x000000aae8000000,0x000000aae8100000) (1024K)]
  0x00000261fe374bc0 JavaThread "WebSocketWriteThread-8909"         [_thread_blocked, id=48084, stack(0x000000aae8100000,0x000000aae8200000) (1024K)]
  0x00000261fe376600 JavaThread "connectionLostChecker-1"           [_thread_blocked, id=46132, stack(0x000000aae8200000,0x000000aae8300000) (1024K)]
  0x00000261fe378040 JavaThread "WebSocketConnectReadThread-8911"        [_thread_in_native, id=48652, stack(0x000000aae8300000,0x000000aae8400000) (1024K)]
  0x00000261fe375250 JavaThread "WebSocketWriteThread-8912"         [_thread_blocked, id=49076, stack(0x000000aae8400000,0x000000aae8500000) (1024K)]
  0x00000261fe375f70 JavaThread "connectionLostChecker-1"           [_thread_blocked, id=48624, stack(0x000000aae8500000,0x000000aae8600000) (1024K)]
  0x00000261fe3779b0 JavaThread "WebSocketConnectReadThread-8914"        [_thread_in_native, id=49328, stack(0x000000aae8600000,0x000000aae8700000) (1024K)]
  0x00000261fe379a80 JavaThread "WebSocketWriteThread-8915"         [_thread_blocked, id=49332, stack(0x000000aae8700000,0x000000aae8800000) (1024K)]
  0x00000261fe3793f0 JavaThread "connectionLostChecker-1"           [_thread_blocked, id=49400, stack(0x000000aae8800000,0x000000aae8900000) (1024K)]
  0x00000261fe37a110 JavaThread "WebSocketConnectReadThread-8917"        [_thread_in_native, id=49900, stack(0x000000aae8900000,0x000000aae8a00000) (1024K)]
  0x00000261fe37b4c0 JavaThread "WebSocketWriteThread-8918"         [_thread_blocked, id=49928, stack(0x000000aae8a00000,0x000000aae8b00000) (1024K)]
  0x00000261fe37a7a0 JavaThread "connectionLostChecker-1"           [_thread_blocked, id=50080, stack(0x000000aae8b00000,0x000000aae8c00000) (1024K)]
  0x00000261fe37ae30 JavaThread "WebSocketConnectReadThread-8920"        [_thread_in_native, id=49704, stack(0x000000aae8c00000,0x000000aae8d00000) (1024K)]
  0x00000261fe37bb50 JavaThread "WebSocketWriteThread-8921"         [_thread_blocked, id=49820, stack(0x000000aae8d00000,0x000000aae8e00000) (1024K)]
  0x00000261fe3786d0 JavaThread "connectionLostChecker-1"           [_thread_blocked, id=49860, stack(0x000000aae8e00000,0x000000aae8f00000) (1024K)]
  0x00000261fe37c1e0 JavaThread "WebSocketConnectReadThread-8923"        [_thread_in_native, id=50108, stack(0x000000aae8f00000,0x000000aae9000000) (1024K)]
  0x00000261fe378d60 JavaThread "WebSocketWriteThread-8924"         [_thread_blocked, id=49996, stack(0x000000aae9000000,0x000000aae9100000) (1024K)]
  0x00000261fe37dc20 JavaThread "connectionLostChecker-1"           [_thread_blocked, id=49364, stack(0x000000aae9100000,0x000000aae9200000) (1024K)]
  0x00000261fe37c870 JavaThread "WebSocketConnectReadThread-8926"        [_thread_in_native, id=50472, stack(0x000000aae9200000,0x000000aae9300000) (1024K)]
  0x00000261fe37e2b0 JavaThread "WebSocketWriteThread-8927"         [_thread_blocked, id=50500, stack(0x000000aae9300000,0x000000aae9400000) (1024K)]
  0x00000261fe37d590 JavaThread "connectionLostChecker-1"           [_thread_blocked, id=50564, stack(0x000000aae9400000,0x000000aae9500000) (1024K)]
  0x00000261fe37cf00 JavaThread "WebSocketConnectReadThread-8929"        [_thread_in_native, id=50340, stack(0x000000aae9500000,0x000000aae9600000) (1024K)]
  0x00000261fcc8daf0 JavaThread "WebSocketWriteThread-8930"         [_thread_blocked, id=49268, stack(0x000000aae9600000,0x000000aae9700000) (1024K)]
  0x00000261fcc8e180 JavaThread "connectionLostChecker-1"           [_thread_blocked, id=43088, stack(0x000000aae9700000,0x000000aae9800000) (1024K)]
  0x00000261fcc8e810 JavaThread "WebSocketConnectReadThread-8932"        [_thread_in_native, id=50272, stack(0x000000aae9800000,0x000000aae9900000) (1024K)]
  0x00000261fcc92320 JavaThread "WebSocketWriteThread-8933"         [_thread_blocked, id=40692, stack(0x000000aae9900000,0x000000aae9a00000) (1024K)]
  0x00000261fcc8eea0 JavaThread "WebSocketConnectReadThread-8934"        [_thread_in_native, id=50300, stack(0x000000aae9a00000,0x000000aae9b00000) (1024K)]
  0x00000261fcc8fbc0 JavaThread "WebSocketWriteThread-8935"         [_thread_blocked, id=50572, stack(0x000000aae9b00000,0x000000aae9c00000) (1024K)]
  0x00000261fcc8f530 JavaThread "connectionLostChecker-1"           [_thread_blocked, id=51304, stack(0x000000aae9c00000,0x000000aae9d00000) (1024K)]
  0x00000261fcc90f70 JavaThread "connectionLostChecker-1"           [_thread_blocked, id=51412, stack(0x000000aae9d00000,0x000000aae9e00000) (1024K)]
  0x00000261fcc90250 JavaThread "WebSocketConnectReadThread-8938"        [_thread_in_native, id=51836, stack(0x000000aae9e00000,0x000000aae9f00000) (1024K)]
  0x00000261fcc908e0 JavaThread "WebSocketWriteThread-8939"         [_thread_blocked, id=51860, stack(0x000000aae9f00000,0x000000aaea000000) (1024K)]
  0x00000261fcc93040 JavaThread "connectionLostChecker-1"           [_thread_blocked, id=52208, stack(0x000000aaea000000,0x000000aaea100000) (1024K)]
  0x00000261fcc93d60 JavaThread "WebSocketConnectReadThread-8941"        [_thread_in_native, id=51628, stack(0x000000aaea100000,0x000000aaea200000) (1024K)]
  0x00000261fcc94a80 JavaThread "WebSocketWriteThread-8942"         [_thread_blocked, id=51588, stack(0x000000aaea200000,0x000000aaea300000) (1024K)]
  0x00000261fcc943f0 JavaThread "connectionLostChecker-1"           [_thread_blocked, id=51932, stack(0x000000aaea300000,0x000000aaea400000) (1024K)]
  0x00000261fcc91600 JavaThread "WebSocketConnectReadThread-8944"        [_thread_in_native, id=52424, stack(0x000000aaea400000,0x000000aaea500000) (1024K)]
  0x00000261fcc95110 JavaThread "WebSocketWriteThread-8945"         [_thread_blocked, id=52428, stack(0x000000aaea500000,0x000000aaea600000) (1024K)]
  0x00000261fcc929b0 JavaThread "connectionLostChecker-1"           [_thread_blocked, id=52628, stack(0x000000aaea600000,0x000000aaea700000) (1024K)]
  0x00000261fcc91c90 JavaThread "WebSocketConnectReadThread-8947"        [_thread_in_native, id=53064, stack(0x000000aaea700000,0x000000aaea800000) (1024K)]
  0x00000261fcc957a0 JavaThread "WebSocketWriteThread-8948"         [_thread_blocked, id=53080, stack(0x000000aaea800000,0x000000aaea900000) (1024K)]
  0x00000261fcc936d0 JavaThread "connectionLostChecker-1"           [_thread_blocked, id=53108, stack(0x000000aaea900000,0x000000aaeaa00000) (1024K)]
  0x00000261fcc95e30 JavaThread "WebSocketConnectReadThread-8950"        [_thread_in_native, id=51460, stack(0x000000aaeaa00000,0x000000aaeab00000) (1024K)]
  0x00000261fcc992b0 JavaThread "WebSocketWriteThread-8951"         [_thread_blocked, id=52176, stack(0x000000aaeab00000,0x000000aaeac00000) (1024K)]
  0x00000261fcc971e0 JavaThread "connectionLostChecker-1"           [_thread_blocked, id=52260, stack(0x000000aaeac00000,0x000000aaead00000) (1024K)]
  0x00000261fcc97f00 JavaThread "WebSocketConnectReadThread-8953"        [_thread_in_native, id=53144, stack(0x000000aaead00000,0x000000aaeae00000) (1024K)]
  0x00000261fcc96b50 JavaThread "WebSocketWriteThread-8954"         [_thread_blocked, id=52076, stack(0x000000aaeae00000,0x000000aaeaf00000) (1024K)]
  0x00000261fcc98590 JavaThread "connectionLostChecker-1"           [_thread_blocked, id=53084, stack(0x000000aaeaf00000,0x000000aaeb000000) (1024K)]
  0x00000261fcc964c0 JavaThread "WebSocketConnectReadThread-8956"        [_thread_in_native, id=52916, stack(0x000000aaeb000000,0x000000aaeb100000) (1024K)]
  0x00000261fcc99940 JavaThread "WebSocketWriteThread-8957"         [_thread_blocked, id=53256, stack(0x000000aaeb100000,0x000000aaeb200000) (1024K)]
  0x00000261fcc97870 JavaThread "connectionLostChecker-1"           [_thread_blocked, id=53308, stack(0x000000aaeb200000,0x000000aaeb300000) (1024K)]
  0x00000261fcc99fd0 JavaThread "WebSocketConnectReadThread-8959"        [_thread_in_native, id=53688, stack(0x000000aaeb300000,0x000000aaeb400000) (1024K)]
  0x00000261fcc9b380 JavaThread "WebSocketWriteThread-8960"         [_thread_blocked, id=53696, stack(0x000000aaeb400000,0x000000aaeb500000) (1024K)]
  0x00000261fcc9a660 JavaThread "connectionLostChecker-1"           [_thread_blocked, id=53716, stack(0x000000aaeb500000,0x000000aaeb600000) (1024K)]
  0x00000261fcc9acf0 JavaThread "WebSocketConnectReadThread-8962"        [_thread_in_native, id=54188, stack(0x000000aaeb600000,0x000000aaeb700000) (1024K)]
  0x00000261fcc9c0a0 JavaThread "WebSocketWriteThread-8963"         [_thread_blocked, id=54196, stack(0x000000aaeb700000,0x000000aaeb800000) (1024K)]
  0x00000261fcc9ba10 JavaThread "connectionLostChecker-1"           [_thread_blocked, id=54240, stack(0x000000aaeb800000,0x000000aaeb900000) (1024K)]
  0x00000261fcc98c20 JavaThread "WebSocketConnectReadThread-8965"        [_thread_in_native, id=53900, stack(0x000000aaeb900000,0x000000aaeba00000) (1024K)]
  0x00000261fcc9c730 JavaThread "WebSocketWriteThread-8966"         [_thread_blocked, id=53924, stack(0x000000aaeba00000,0x000000aaebb00000) (1024K)]
  0x00000261fcc9cdc0 JavaThread "connectionLostChecker-1"           [_thread_blocked, id=54068, stack(0x000000aaebb00000,0x000000aaebc00000) (1024K)]
  0x00000261f7382690 JavaThread "WebSocketConnectReadThread-8968"        [_thread_in_native, id=53812, stack(0x000000aaebc00000,0x000000aaebd00000) (1024K)]
  0x00000261f73840d0 JavaThread "WebSocketWriteThread-8969"         [_thread_blocked, id=53412, stack(0x000000aaebd00000,0x000000aaebe00000) (1024K)]
  0x00000261f7382d20 JavaThread "connectionLostChecker-1"           [_thread_blocked, id=31788, stack(0x000000aaebe00000,0x000000aaebf00000) (1024K)]
  0x00000261f7382000 JavaThread "WebSocketConnectReadThread-8971"        [_thread_in_native, id=54708, stack(0x000000aad8500000,0x000000aad8600000) (1024K)]
  0x00000261f73833b0 JavaThread "WebSocketWriteThread-8972"         [_thread_blocked, id=54736, stack(0x000000aaebf00000,0x000000aaec000000) (1024K)]
  0x00000261f73812e0 JavaThread "connectionLostChecker-1"           [_thread_blocked, id=54816, stack(0x000000aaec000000,0x000000aaec100000) (1024K)]
  0x00000261f7381970 JavaThread "WebSocketConnectReadThread-8974"        [_thread_in_native, id=55068, stack(0x000000aaec100000,0x000000aaec200000) (1024K)]
  0x00000261f7384df0 JavaThread "WebSocketWriteThread-8975"         [_thread_blocked, id=57248, stack(0x000000aaec200000,0x000000aaec300000) (1024K)]
  0x00000261f7386ec0 JavaThread "connectionLostChecker-1"           [_thread_blocked, id=57216, stack(0x000000aaec300000,0x000000aaec400000) (1024K)]
  0x00000261f7383a40 JavaThread "HttpClient-2-Worker-44"     daemon [_thread_blocked, id=18616, stack(0x000000aaec500000,0x000000aaec600000) (1024K)]
  0x00000261f7385480 JavaThread "WebSocketConnectReadThread-8978"        [_thread_in_native, id=57424, stack(0x000000aaec600000,0x000000aaec700000) (1024K)]
  0x00000261f7385b10 JavaThread "WebSocketWriteThread-8979"         [_thread_blocked, id=57460, stack(0x000000aaec700000,0x000000aaec800000) (1024K)]
  0x00000261f7387550 JavaThread "connectionLostChecker-1"           [_thread_blocked, id=57508, stack(0x000000aaec800000,0x000000aaec900000) (1024K)]
  0x00000261f7387be0 JavaThread "WebSocketConnectReadThread-8981"        [_thread_in_native, id=57896, stack(0x000000aaec900000,0x000000aaeca00000) (1024K)]
  0x00000261f73861a0 JavaThread "WebSocketWriteThread-8982"         [_thread_blocked, id=57928, stack(0x000000aaeca00000,0x000000aaecb00000) (1024K)]
  0x00000261f7384760 JavaThread "connectionLostChecker-1"           [_thread_blocked, id=57944, stack(0x000000aaecb00000,0x000000aaecc00000) (1024K)]
  0x00000261f7388900 JavaThread "WebSocketConnectReadThread-8984"        [_thread_in_native, id=58256, stack(0x000000aaecc00000,0x000000aaecd00000) (1024K)]
  0x00000261f7388270 JavaThread "WebSocketWriteThread-8985"         [_thread_blocked, id=58304, stack(0x000000aaecd00000,0x000000aaece00000) (1024K)]
  0x00000261f7388f90 JavaThread "connectionLostChecker-1"           [_thread_blocked, id=58320, stack(0x000000aaece00000,0x000000aaecf00000) (1024K)]
  0x00000261f7386830 JavaThread "WebSocketConnectReadThread-8987"        [_thread_in_native, id=57624, stack(0x000000aaecf00000,0x000000aaed000000) (1024K)]
  0x00000261f738a340 JavaThread "WebSocketWriteThread-8988"         [_thread_blocked, id=57688, stack(0x000000aaed000000,0x000000aaed100000) (1024K)]
  0x00000261f738b060 JavaThread "connectionLostChecker-1"           [_thread_blocked, id=51272, stack(0x000000aaed100000,0x000000aaed200000) (1024K)]
  0x00000261f738bd80 JavaThread "WebSocketConnectReadThread-8990"        [_thread_in_native, id=57376, stack(0x000000aaed200000,0x000000aaed300000) (1024K)]
  0x00000261f7389cb0 JavaThread "WebSocketWriteThread-8991"         [_thread_blocked, id=57400, stack(0x000000aaed300000,0x000000aaed400000) (1024K)]
  0x00000261f738c410 JavaThread "connectionLostChecker-1"           [_thread_blocked, id=57416, stack(0x000000aaed400000,0x000000aaed500000) (1024K)]
  0x00000261f738b6f0 JavaThread "WebSocketConnectReadThread-8993"        [_thread_in_native, id=53348, stack(0x000000aaed500000,0x000000aaed600000) (1024K)]
  0x00000261f738caa0 JavaThread "WebSocketWriteThread-8994"         [_thread_blocked, id=52756, stack(0x000000aaed600000,0x000000aaed700000) (1024K)]
  0x00000261f7389620 JavaThread "connectionLostChecker-1"           [_thread_blocked, id=52780, stack(0x000000aaed700000,0x000000aaed800000) (1024K)]
  0x00000261f738d130 JavaThread "WebSocketConnectReadThread-8996"        [_thread_in_native, id=58784, stack(0x000000aaed800000,0x000000aaed900000) (1024K)]
  0x00000261f738d7c0 JavaThread "WebSocketWriteThread-8997"         [_thread_blocked, id=58800, stack(0x000000aaed900000,0x000000aaeda00000) (1024K)]
  0x00000261f738a9d0 JavaThread "connectionLostChecker-1"           [_thread_blocked, id=58832, stack(0x000000aaeda00000,0x000000aaedb00000) (1024K)]
  0x00000261f73905b0 JavaThread "WebSocketConnectReadThread-8999"        [_thread_in_native, id=56200, stack(0x000000aaedb00000,0x000000aaedc00000) (1024K)]
  0x00000261f738de50 JavaThread "WebSocketWriteThread-9000"         [_thread_blocked, id=58556, stack(0x000000aaedc00000,0x000000aaedd00000) (1024K)]
  0x00000261f7391960 JavaThread "connectionLostChecker-1"           [_thread_blocked, id=58688, stack(0x000000aaedd00000,0x000000aaede00000) (1024K)]
  0x00000261f738e4e0 JavaThread "WebSocketConnectReadThread-9002"        [_thread_in_native, id=59240, stack(0x000000aaede00000,0x000000aaedf00000) (1024K)]
  0x00000261f73912d0 JavaThread "WebSocketWriteThread-9003"         [_thread_blocked, id=53352, stack(0x000000aaedf00000,0x000000aaee000000) (1024K)]
  0x00000261f7390c40 JavaThread "connectionLostChecker-1"           [_thread_blocked, id=59252, stack(0x000000aaee000000,0x000000aaee100000) (1024K)]
  0x00000261f7391ff0 JavaThread "WebSocketConnectReadThread-9005"        [_thread_in_native, id=58612, stack(0x000000aaee100000,0x000000aaee200000) (1024K)]
  0x00000261f738eb70 JavaThread "WebSocketWriteThread-9006"         [_thread_blocked, id=59140, stack(0x000000aaee200000,0x000000aaee300000) (1024K)]
  0x00000261f7392680 JavaThread "connectionLostChecker-1"           [_thread_blocked, id=59136, stack(0x000000aaee300000,0x000000aaee400000) (1024K)]
  0x00000261f738ff20 JavaThread "WebSocketConnectReadThread-9008"        [_thread_in_native, id=49396, stack(0x000000aaee400000,0x000000aaee500000) (1024K)]
  0x00000261f738f200 JavaThread "WebSocketWriteThread-9009"         [_thread_blocked, id=59040, stack(0x000000aaee500000,0x000000aaee600000) (1024K)]
  0x00000261f7392d10 JavaThread "connectionLostChecker-1"           [_thread_blocked, id=59116, stack(0x000000aaee600000,0x000000aaee700000) (1024K)]
  0x00000261f738f890 JavaThread "WebSocketConnectReadThread-9011"        [_thread_in_native, id=22700, stack(0x000000aaee700000,0x000000aaee800000) (1024K)]
  0x00000261f7395470 JavaThread "WebSocketWriteThread-9012"         [_thread_blocked, id=54232, stack(0x000000aaee800000,0x000000aaee900000) (1024K)]
  0x00000261f7394de0 JavaThread "connectionLostChecker-1"           [_thread_blocked, id=58608, stack(0x000000aaee900000,0x000000aaeea00000) (1024K)]
  0x00000261f73940c0 JavaThread "WebSocketConnectReadThread-9014"        [_thread_in_native, id=58888, stack(0x000000aaeea00000,0x000000aaeeb00000) (1024K)]
  0x00000261f7395b00 JavaThread "WebSocketWriteThread-9015"         [_thread_blocked, id=53740, stack(0x000000aaeeb00000,0x000000aaeec00000) (1024K)]
  0x00000261f7396190 JavaThread "connectionLostChecker-1"           [_thread_blocked, id=59196, stack(0x000000aaeec00000,0x000000aaeed00000) (1024K)]
  0x00000261f7396820 JavaThread "WebSocketConnectReadThread-9017"        [_thread_in_native, id=59760, stack(0x000000aaeed00000,0x000000aaeee00000) (1024K)]
  0x00000261f73933a0 JavaThread "WebSocketWriteThread-9018"         [_thread_blocked, id=59792, stack(0x000000aaeee00000,0x000000aaeef00000) (1024K)]
  0x00000261f7396eb0 JavaThread "connectionLostChecker-1"           [_thread_blocked, id=59820, stack(0x000000aaeef00000,0x000000aaef000000) (1024K)]
  0x00000261f7393a30 JavaThread "WebSocketConnectReadThread-9020"        [_thread_in_native, id=60152, stack(0x000000aaef000000,0x000000aaef100000) (1024K)]
  0x00000261f7397540 JavaThread "WebSocketWriteThread-9021"         [_thread_blocked, id=60168, stack(0x000000aaef100000,0x000000aaef200000) (1024K)]
  0x00000261f7397bd0 JavaThread "connectionLostChecker-1"           [_thread_blocked, id=60176, stack(0x000000aaef200000,0x000000aaef300000) (1024K)]
  0x00000261f7394750 JavaThread "WebSocketConnectReadThread-9023"        [_thread_in_native, id=59308, stack(0x000000aaef300000,0x000000aaef400000) (1024K)]
  0x00000261f7398260 JavaThread "WebSocketWriteThread-9024"         [_thread_blocked, id=58760, stack(0x000000aaef400000,0x000000aaef500000) (1024K)]
  0x00000261f73988f0 JavaThread "connectionLostChecker-1"           [_thread_blocked, id=47688, stack(0x000000aaef500000,0x000000aaef600000) (1024K)]
  0x00000261f7398f80 JavaThread "WebSocketConnectReadThread-9026"        [_thread_in_native, id=59512, stack(0x000000aaef600000,0x000000aaef700000) (1024K)]
  0x00000261f7399610 JavaThread "WebSocketWriteThread-9027"         [_thread_blocked, id=59608, stack(0x000000aaef700000,0x000000aaef800000) (1024K)]
  0x00000261f7399ca0 JavaThread "connectionLostChecker-1"           [_thread_blocked, id=59532, stack(0x000000aaef800000,0x000000aaef900000) (1024K)]
  0x00000261f739a330 JavaThread "WebSocketConnectReadThread-9029"        [_thread_in_native, id=59552, stack(0x000000aaef900000,0x000000aaefa00000) (1024K)]
  0x00000261f739a9c0 JavaThread "WebSocketWriteThread-9030"         [_thread_blocked, id=59540, stack(0x000000aaefa00000,0x000000aaefb00000) (1024K)]
  0x00000261f739b050 JavaThread "connectionLostChecker-1"           [_thread_blocked, id=22504, stack(0x000000aaefb00000,0x000000aaefc00000) (1024K)]
  0x00000261f739e4d0 JavaThread "WebSocketConnectReadThread-9032"        [_thread_in_native, id=58664, stack(0x000000aaefc00000,0x000000aaefd00000) (1024K)]
  0x00000261f739eb60 JavaThread "WebSocketWriteThread-9033"         [_thread_blocked, id=58576, stack(0x000000aaefd00000,0x000000aaefe00000) (1024K)]
  0x00000261f739b6e0 JavaThread "connectionLostChecker-1"           [_thread_blocked, id=60328, stack(0x000000aaefe00000,0x000000aaeff00000) (1024K)]
  0x00000261f739ca90 JavaThread "WebSocketConnectReadThread-9035"        [_thread_in_native, id=60552, stack(0x000000aaeff00000,0x000000aaf0000000) (1024K)]
  0x00000261f739f1f0 JavaThread "WebSocketWriteThread-9036"         [_thread_blocked, id=60560, stack(0x000000aaf0000000,0x000000aaf0100000) (1024K)]
  0x00000261f739bd70 JavaThread "connectionLostChecker-1"           [_thread_blocked, id=60608, stack(0x000000aaf0100000,0x000000aaf0200000) (1024K)]
  0x00000261f739d7b0 JavaThread "WebSocketConnectReadThread-9038"        [_thread_in_native, id=60964, stack(0x000000aaf0200000,0x000000aaf0300000) (1024K)]
  0x00000261f739c400 JavaThread "WebSocketWriteThread-9039"         [_thread_blocked, id=60988, stack(0x000000aaf0300000,0x000000aaf0400000) (1024K)]
  0x00000261f739f880 JavaThread "connectionLostChecker-1"           [_thread_blocked, id=61044, stack(0x000000aaf0400000,0x000000aaf0500000) (1024K)]
  0x00000261f739de40 JavaThread "WebSocketConnectReadThread-9041"        [_thread_in_native, id=61344, stack(0x000000aaf0500000,0x000000aaf0600000) (1024K)]
  0x00000261f739ff10 JavaThread "WebSocketWriteThread-9042"         [_thread_blocked, id=61356, stack(0x000000aaf0600000,0x000000aaf0700000) (1024K)]
  0x00000261f73a05a0 JavaThread "connectionLostChecker-1"           [_thread_blocked, id=61380, stack(0x000000aaf0700000,0x000000aaf0800000) (1024K)]
  0x00000261f739d120 JavaThread "WebSocketConnectReadThread-9044"        [_thread_in_native, id=60540, stack(0x000000aaf0800000,0x000000aaf0900000) (1024K)]
  0x00000261fe4d5aa0 JavaThread "WebSocketWriteThread-9045"         [_thread_blocked, id=60536, stack(0x000000aaf0900000,0x000000aaf0a00000) (1024K)]
  0x00000261fe4d6130 JavaThread "connectionLostChecker-1"           [_thread_blocked, id=60992, stack(0x000000aaf0a00000,0x000000aaf0b00000) (1024K)]
  0x00000261fe4d46f0 JavaThread "WebSocketConnectReadThread-9047"        [_thread_in_native, id=61180, stack(0x000000aaf0b00000,0x000000aaf0c00000) (1024K)]
  0x00000261fe4d67c0 JavaThread "WebSocketWriteThread-9048"         [_thread_blocked, id=61164, stack(0x000000aaf0c00000,0x000000aaf0d00000) (1024K)]
  0x00000261fe4d6e50 JavaThread "connectionLostChecker-1"           [_thread_blocked, id=60448, stack(0x000000aaf0d00000,0x000000aaf0e00000) (1024K)]
  0x00000261fe4d4d80 JavaThread "WebSocketConnectReadThread-9050"        [_thread_in_native, id=60644, stack(0x000000aaf0e00000,0x000000aaf0f00000) (1024K)]
  0x00000261fe4d74e0 JavaThread "WebSocketWriteThread-9051"         [_thread_blocked, id=56924, stack(0x000000aaf0f00000,0x000000aaf1000000) (1024K)]
  0x00000261fe4d5410 JavaThread "connectionLostChecker-1"           [_thread_blocked, id=56064, stack(0x000000aaf1000000,0x000000aaf1100000) (1024K)]
  0x00000261fe4d4060 JavaThread "WebSocketConnectReadThread-9053"        [_thread_in_native, id=61804, stack(0x000000aaf1100000,0x000000aaf1200000) (1024K)]
  0x00000261fe4d8f20 JavaThread "WebSocketWriteThread-9054"         [_thread_blocked, id=61820, stack(0x000000aaf1200000,0x000000aaf1300000) (1024K)]
  0x00000261fe4daff0 JavaThread "connectionLostChecker-1"           [_thread_blocked, id=61836, stack(0x000000aaf1300000,0x000000aaf1400000) (1024K)]
  0x00000261fe4d8200 JavaThread "WebSocketConnectReadThread-9056"        [_thread_in_native, id=62236, stack(0x000000aaf1400000,0x000000aaf1500000) (1024K)]
  0x00000261fe4d9c40 JavaThread "WebSocketWriteThread-9057"         [_thread_blocked, id=62252, stack(0x000000aaf1500000,0x000000aaf1600000) (1024K)]
  0x00000261fe4d95b0 JavaThread "connectionLostChecker-1"           [_thread_blocked, id=62276, stack(0x000000aaf1600000,0x000000aaf1700000) (1024K)]
  0x00000261fe4d8890 JavaThread "WebSocketConnectReadThread-9059"        [_thread_in_native, id=56288, stack(0x000000aaf1700000,0x000000aaf1800000) (1024K)]
  0x00000261fe4da2d0 JavaThread "WebSocketWriteThread-9060"         [_thread_blocked, id=43452, stack(0x000000aaf1800000,0x000000aaf1900000) (1024K)]
  0x00000261fe4da960 JavaThread "connectionLostChecker-1"           [_thread_blocked, id=61116, stack(0x000000aaf1900000,0x000000aaf1a00000) (1024K)]
  0x00000261fe4d7b70 JavaThread "WebSocketConnectReadThread-9062"        [_thread_in_native, id=52168, stack(0x000000aaf1a00000,0x000000aaf1b00000) (1024K)]
  0x00000261fe4dd750 JavaThread "WebSocketWriteThread-9063"         [_thread_blocked, id=61092, stack(0x000000aaf1b00000,0x000000aaf1c00000) (1024K)]
  0x00000261fe4dc3a0 JavaThread "connectionLostChecker-1"           [_thread_blocked, id=62308, stack(0x000000aaf1c00000,0x000000aaf1d00000) (1024K)]
  0x00000261fe4db680 JavaThread "WebSocketConnectReadThread-9065"        [_thread_in_native, id=62348, stack(0x000000aaf1d00000,0x000000aaf1e00000) (1024K)]
  0x00000261fe4dbd10 JavaThread "WebSocketWriteThread-9066"         [_thread_blocked, id=61552, stack(0x000000aaf1e00000,0x000000aaf1f00000) (1024K)]
  0x00000261fe4deb00 JavaThread "connectionLostChecker-1"           [_thread_blocked, id=61576, stack(0x000000aaf1f00000,0x000000aaf2000000) (1024K)]
  0x00000261fe4dd0c0 JavaThread "WebSocketConnectReadThread-9068"        [_thread_in_native, id=61572, stack(0x000000aad8800000,0x000000aad8900000) (1024K)]
  0x00000261fe4df190 JavaThread "WebSocketWriteThread-9069"         [_thread_blocked, id=61756, stack(0x000000aaf2000000,0x000000aaf2100000) (1024K)]
  0x00000261fe4ddde0 JavaThread "connectionLostChecker-1"           [_thread_blocked, id=57120, stack(0x000000aaf2100000,0x000000aaf2200000) (1024K)]
  0x00000261fe4df820 JavaThread "WebSocketConnectReadThread-9071"        [_thread_in_native, id=62704, stack(0x000000aaf2200000,0x000000aaf2300000) (1024K)]
  0x00000261fe4de470 JavaThread "WebSocketWriteThread-9072"         [_thread_blocked, id=62708, stack(0x000000aaf2300000,0x000000aaf2400000) (1024K)]
  0x00000261fe4dfeb0 JavaThread "connectionLostChecker-1"           [_thread_blocked, id=62720, stack(0x000000aaf2400000,0x000000aaf2500000) (1024K)]
  0x00000261fe4dca30 JavaThread "WebSocketConnectReadThread-9074"        [_thread_in_native, id=63060, stack(0x000000aaf2500000,0x000000aaf2600000) (1024K)]
  0x00000261fe4e1260 JavaThread "WebSocketWriteThread-9075"         [_thread_blocked, id=63064, stack(0x000000aaf2600000,0x000000aaf2700000) (1024K)]
  0x00000261fe4e18f0 JavaThread "connectionLostChecker-1"           [_thread_blocked, id=63080, stack(0x000000aaf2700000,0x000000aaf2800000) (1024K)]
  0x00000261fe4e2610 JavaThread "WebSocketConnectReadThread-9077"        [_thread_in_native, id=57448, stack(0x000000aaf2800000,0x000000aaf2900000) (1024K)]
  0x00000261fe4e1f80 JavaThread "WebSocketWriteThread-9078"         [_thread_blocked, id=62580, stack(0x000000aaf2900000,0x000000aaf2a00000) (1024K)]
  0x00000261fe4e3330 JavaThread "connectionLostChecker-1"           [_thread_blocked, id=47916, stack(0x000000aaf2a00000,0x000000aaf2b00000) (1024K)]
  0x00000261fe4e2ca0 JavaThread "WebSocketConnectReadThread-9080"        [_thread_in_native, id=61584, stack(0x000000aaf2b00000,0x000000aaf2c00000) (1024K)]
  0x00000261fe4e39c0 JavaThread "WebSocketWriteThread-9081"         [_thread_blocked, id=61920, stack(0x000000aaf2c00000,0x000000aaf2d00000) (1024K)]
  0x00000261fe4e0540 JavaThread "connectionLostChecker-1"           [_thread_blocked, id=63316, stack(0x000000aaf2d00000,0x000000aaf2e00000) (1024K)]
  0x00000261fe4e4050 JavaThread "WebSocketConnectReadThread-9083"        [_thread_in_native, id=63100, stack(0x000000aaf2e00000,0x000000aaf2f00000) (1024K)]
  0x00000261fe4e0bd0 JavaThread "WebSocketWriteThread-9084"         [_thread_blocked, id=62856, stack(0x000000aaf2f00000,0x000000aaf3000000) (1024K)]
  0x00000261fe4e46e0 JavaThread "connectionLostChecker-1"           [_thread_blocked, id=56032, stack(0x000000aaf3000000,0x000000aaf3100000) (1024K)]
  0x00000261fe4e6120 JavaThread "WebSocketConnectReadThread-9086"        [_thread_in_native, id=58656, stack(0x000000aaf3100000,0x000000aaf3200000) (1024K)]
  0x00000261fe4e81f0 JavaThread "WebSocketWriteThread-9087"         [_thread_blocked, id=56672, stack(0x000000aaf3200000,0x000000aaf3300000) (1024K)]
  0x00000261fe4e5400 JavaThread "connectionLostChecker-1"           [_thread_blocked, id=63204, stack(0x000000aaf3300000,0x000000aaf3400000) (1024K)]
  0x00000261fe4e4d70 JavaThread "WebSocketConnectReadThread-9089"        [_thread_in_native, id=24676, stack(0x000000aaf3400000,0x000000aaf3500000) (1024K)]
  0x00000261fe4e6e40 JavaThread "WebSocketWriteThread-9090"         [_thread_blocked, id=63372, stack(0x000000aaf3500000,0x000000aaf3600000) (1024K)]
  0x00000261fe4e5a90 JavaThread "connectionLostChecker-1"           [_thread_blocked, id=63360, stack(0x000000aaf3600000,0x000000aaf3700000) (1024K)]
  0x00000261fe4e9c30 JavaThread "WebSocketConnectReadThread-9092"        [_thread_in_native, id=63848, stack(0x000000aaf3700000,0x000000aaf3800000) (1024K)]
  0x00000261fe4e74d0 JavaThread "WebSocketWriteThread-9093"         [_thread_blocked, id=63852, stack(0x000000aaf3800000,0x000000aaf3900000) (1024K)]
  0x00000261fe4e8880 JavaThread "connectionLostChecker-1"           [_thread_blocked, id=63864, stack(0x000000aaf3900000,0x000000aaf3a00000) (1024K)]
  0x00000261fe4e7b60 JavaThread "WebSocketConnectReadThread-9095"        [_thread_in_native, id=64368, stack(0x000000aaf3a00000,0x000000aaf3b00000) (1024K)]
  0x00000261fe4e95a0 JavaThread "WebSocketWriteThread-9096"         [_thread_blocked, id=64388, stack(0x000000aaf3b00000,0x000000aaf3c00000) (1024K)]
  0x00000261fe4e8f10 JavaThread "connectionLostChecker-1"           [_thread_blocked, id=64392, stack(0x000000aaf3c00000,0x000000aaf3d00000) (1024K)]
  0x00000261fe4e67b0 JavaThread "WebSocketConnectReadThread-9098"        [_thread_in_native, id=63776, stack(0x000000aaf3d00000,0x000000aaf3e00000) (1024K)]
  0x00000261fe4ea2c0 JavaThread "WebSocketWriteThread-9099"         [_thread_blocked, id=64004, stack(0x000000aaf3e00000,0x000000aaf3f00000) (1024K)]
  0x00000261fe4eca20 JavaThread "connectionLostChecker-1"           [_thread_blocked, id=35924, stack(0x000000aaf3f00000,0x000000aaf4000000) (1024K)]
  0x00000261fe4eb670 JavaThread "WebSocketConnectReadThread-9101"        [_thread_in_native, id=63248, stack(0x000000aaf4000000,0x000000aaf4100000) (1024K)]
  0x00000261fe4ed0b0 JavaThread "WebSocketWriteThread-9102"         [_thread_blocked, id=64092, stack(0x000000aaf4100000,0x000000aaf4200000) (1024K)]
  0x00000261fe4ea950 JavaThread "connectionLostChecker-1"           [_thread_blocked, id=60816, stack(0x000000aaf4200000,0x000000aaf4300000) (1024K)]
  0x00000261fe4ebd00 JavaThread "WebSocketConnectReadThread-9104"        [_thread_in_native, id=64152, stack(0x000000aaf4300000,0x000000aaf4400000) (1024K)]
  0x00000261fe4ed740 JavaThread "WebSocketWriteThread-9105"         [_thread_blocked, id=63584, stack(0x000000aaf4400000,0x000000aaf4500000) (1024K)]
  0x00000261fe4eddd0 JavaThread "connectionLostChecker-1"           [_thread_blocked, id=63728, stack(0x000000aaf4500000,0x000000aaf4600000) (1024K)]
  0x00000261fe4eafe0 JavaThread "WebSocketConnectReadThread-9107"        [_thread_in_native, id=63812, stack(0x000000aaf4600000,0x000000aaf4700000) (1024K)]
  0x00000261fe4ec390 JavaThread "WebSocketWriteThread-9108"         [_thread_blocked, id=57000, stack(0x000000aaf4700000,0x000000aaf4800000) (1024K)]
  0x00000261fe4efea0 JavaThread "connectionLostChecker-1"           [_thread_blocked, id=63636, stack(0x000000aaf4800000,0x000000aaf4900000) (1024K)]
  0x00000261fe4f18e0 JavaThread "WebSocketConnectReadThread-9110"        [_thread_in_native, id=60808, stack(0x000000aaf4900000,0x000000aaf4a00000) (1024K)]
  0x00000261fe4ef180 JavaThread "WebSocketWriteThread-9111"         [_thread_blocked, id=27876, stack(0x000000aaf4a00000,0x000000aaf4b00000) (1024K)]
  0x00000261fe4f1250 JavaThread "connectionLostChecker-1"           [_thread_blocked, id=64520, stack(0x000000aaf4b00000,0x000000aaf4c00000) (1024K)]
  0x00000261fe4ee460 JavaThread "WebSocketConnectReadThread-9113"        [_thread_in_native, id=65024, stack(0x000000aaf4c00000,0x000000aaf4d00000) (1024K)]
  0x00000261fe4ef810 JavaThread "WebSocketWriteThread-9114"         [_thread_blocked, id=65028, stack(0x000000aaf4d00000,0x000000aaf4e00000) (1024K)]
  0x00000261fe4f1f70 JavaThread "connectionLostChecker-1"           [_thread_blocked, id=65036, stack(0x000000aaf4e00000,0x000000aaf4f00000) (1024K)]
  0x00000261fe4f0bc0 JavaThread "WebSocketConnectReadThread-9116"        [_thread_in_native, id=65436, stack(0x000000aaf4f00000,0x000000aaf5000000) (1024K)]
  0x00000261fe4eeaf0 JavaThread "WebSocketWriteThread-9117"         [_thread_blocked, id=65440, stack(0x000000aaf5000000,0x000000aaf5100000) (1024K)]
  0x00000261fe4f0530 JavaThread "connectionLostChecker-1"           [_thread_blocked, id=65456, stack(0x000000aaf5100000,0x000000aaf5200000) (1024K)]
  0x00000261fe4f2600 JavaThread "WebSocketConnectReadThread-9182"        [_thread_in_native, id=23788, stack(0x000000aaf5200000,0x000000aaf5300000) (1024K)]
  0x00000261fe4f2c90 JavaThread "WebSocketWriteThread-9183"         [_thread_blocked, id=64800, stack(0x000000aaf5300000,0x000000aaf5400000) (1024K)]
  0x00000261fe4f3320 JavaThread "WebSocketConnectReadThread-9184"        [_thread_in_native, id=68852, stack(0x000000aaf5400000,0x000000aaf5500000) (1024K)]
  0x00000261fc7b2fd0 JavaThread "WebSocketWriteThread-9185"         [_thread_blocked, id=68908, stack(0x000000aaf5500000,0x000000aaf5600000) (1024K)]
  0x0000026182873db0 JavaThread "WebSocketConnectReadThread-9186"        [_thread_in_native, id=69440, stack(0x000000aaf5600000,0x000000aaf5700000) (1024K)]
  0x0000026182871650 JavaThread "WebSocketWriteThread-9187"         [_thread_blocked, id=69444, stack(0x000000aaf5700000,0x000000aaf5800000) (1024K)]
  0x0000026182873720 JavaThread "WebSocketConnectReadThread-9188"        [_thread_in_native, id=11708, stack(0x000000aaf5800000,0x000000aaf5900000) (1024K)]
  0x0000026182872a00 JavaThread "WebSocketWriteThread-9189"         [_thread_blocked, id=69376, stack(0x000000aaf5900000,0x000000aaf5a00000) (1024K)]
  0x0000026182871ce0 JavaThread "HttpClient-2-Worker-45"     daemon [_thread_blocked, id=69752, stack(0x000000aaf5a00000,0x000000aaf5b00000) (1024K)]
  0x0000026182872370 JavaThread "WebSocketConnectReadThread-9191"        [_thread_in_native, id=69924, stack(0x000000aaf5b00000,0x000000aaf5c00000) (1024K)]
  0x0000026182873090 JavaThread "WebSocketWriteThread-9192"         [_thread_blocked, id=69928, stack(0x000000aaf5c00000,0x000000aaf5d00000) (1024K)]
=>0x0000026182870fc0 JavaThread "WebSocketConnectReadThread-9193"        [_thread_in_vm, id=70240, stack(0x000000aaf5d00000,0x000000aaf5e00000) (1024K)]
  0x00000261828778c0 JavaThread "WebSocketConnectReadThread-9195"        [_thread_blocked, id=12260, stack(0x000000aaf5e00000,0x000000aaf5f00000) (1024K)]
Total: 485

Other Threads:
  0x00000261b1cc7e10 VMThread "VM Thread"                           [id=40176, stack(0x000000aad7600000,0x000000aad7700000) (1024K)] _threads_hazard_ptr=0x00000261fc760ca0
  0x00000261b1cb5fe0 WatcherThread "VM Periodic Task Thread"        [id=26020, stack(0x000000aad7500000,0x000000aad7600000) (1024K)]
  0x0000026195cd8110 WorkerThread "GC Thread#0"                     [id=19972, stack(0x000000aad7000000,0x000000aad7100000) (1024K)]
  0x00000261f744f3a0 WorkerThread "GC Thread#1"                     [id=26992, stack(0x000000aad8200000,0x000000aad8300000) (1024K)]
  0x00000261f7546e90 WorkerThread "GC Thread#2"                     [id=31912, stack(0x000000aad8300000,0x000000aad8400000) (1024K)]
  0x00000261f7534e40 WorkerThread "GC Thread#3"                     [id=2880, stack(0x000000aad8400000,0x000000aad8500000) (1024K)]
  0x0000026195ce9a80 ConcurrentGCThread "G1 Main Marker"            [id=23776, stack(0x000000aad7100000,0x000000aad7200000) (1024K)]
  0x0000026195ceb400 WorkerThread "G1 Conc#0"                       [id=38480, stack(0x000000aad7200000,0x000000aad7300000) (1024K)]
  0x00000261b1b844f0 ConcurrentGCThread "G1 Refine#0"               [id=4980, stack(0x000000aad7300000,0x000000aad7400000) (1024K)]
  0x00000261b1b84e70 ConcurrentGCThread "G1 Service"                [id=3416, stack(0x000000aad7400000,0x000000aad7500000) (1024K)]
Total: 10

Threads with active compile tasks:
Total: 0

VM state: not at safepoint (normal execution)

VM Mutex/Monitor currently owned by a thread: None

OutOfMemory and StackOverflow Exception counts:
OutOfMemoryError java_heap_errors=1
LinkageErrors=79

Heap address: 0x0000000083400000, size: 1996 MB, Compressed Oops mode: 32-bit

CDS archive(s) mapped at: [0x00000261b2000000-0x00000261b2c90000-0x00000261b2c90000), size 13172736, SharedBaseAddress: 0x00000261b2000000, ArchiveRelocationMode: 1.
Compressed class space mapped at: 0x00000261b3000000-0x00000261f3000000, reserved size: 1073741824
Narrow klass base: 0x00000261b2000000, Narrow klass shift: 0, Narrow klass range: 0x100000000

GC Precious Log:
 CardTable entry size: 512
 Card Set container configuration: InlinePtr #cards 5 size 8 Array Of Cards #cards 12 size 40 Howl #buckets 4 coarsen threshold 1843 Howl Bitmap #cards 512 size 80 coarsen threshold 460 Card regions per heap region 1 cards per card region 2048
 CPUs: 4 total, 4 available
 Memory: 7981M
 Large Page Support: Disabled
 NUMA Support: Disabled
 Compressed Oops: Enabled (32-bit)
 Heap Region Size: 1M
 Heap Min Capacity: 8M
 Heap Initial Capacity: 126M
 Heap Max Capacity: 1996M
 Pre-touch: Disabled
 Parallel Workers: 4
 Concurrent Workers: 1
 Concurrent Refinement Workers: 4
 Periodic GC: Disabled

Heap:
 garbage-first heap   total 79872K, used 51285K [0x0000000083400000, 0x0000000100000000)
  region size 1024K, 22 young (22528K), 3 survivors (3072K)
 Metaspace       used 32487K, committed 33280K, reserved 1114112K
  class space    used 3988K, committed 4352K, reserved 1048576K

Heap Regions: E=young(eden), S=young(survivor), O=old, HS=humongous(starts), HC=humongous(continues), CS=collection set, F=free, TAMS=top-at-mark-start, PB=parsable bottom
|   0|0x0000000083400000, 0x0000000083500000, 0x0000000083500000|100%| O|  |TAMS 0x0000000083400000| PB 0x0000000083400000| Untracked 
|   1|0x0000000083500000, 0x00000000835bbe28, 0x0000000083600000| 73%| O|  |TAMS 0x0000000083500000| PB 0x0000000083500000| Untracked 
|   2|0x0000000083600000, 0x0000000083700000, 0x0000000083700000|100%| O|  |TAMS 0x0000000083600000| PB 0x0000000083600000| Untracked 
|   3|0x0000000083700000, 0x0000000083800000, 0x0000000083800000|100%| O|  |TAMS 0x0000000083700000| PB 0x0000000083700000| Untracked 
|   4|0x0000000083800000, 0x0000000083900000, 0x0000000083900000|100%| O|  |TAMS 0x0000000083800000| PB 0x0000000083800000| Untracked 
|   5|0x0000000083900000, 0x0000000083a00000, 0x0000000083a00000|100%|HS|  |TAMS 0x0000000083900000| PB 0x0000000083900000| Complete 
|   6|0x0000000083a00000, 0x0000000083b00000, 0x0000000083b00000|100%|HC|  |TAMS 0x0000000083a00000| PB 0x0000000083a00000| Complete 
|   7|0x0000000083b00000, 0x0000000083c00000, 0x0000000083c00000|100%| O|  |TAMS 0x0000000083b00000| PB 0x0000000083b00000| Untracked 
|   8|0x0000000083c00000, 0x0000000083d00000, 0x0000000083d00000|100%| O|  |TAMS 0x0000000083c00000| PB 0x0000000083c00000| Untracked 
|   9|0x0000000083d00000, 0x0000000083e00000, 0x0000000083e00000|100%| O|  |TAMS 0x0000000083d00000| PB 0x0000000083d00000| Untracked 
|  10|0x0000000083e00000, 0x0000000083f00000, 0x0000000083f00000|100%| O|  |TAMS 0x0000000083e00000| PB 0x0000000083e00000| Untracked 
|  11|0x0000000083f00000, 0x0000000084000000, 0x0000000084000000|100%| O|  |TAMS 0x0000000083f00000| PB 0x0000000083f00000| Untracked 
|  12|0x0000000084000000, 0x0000000084100000, 0x0000000084100000|100%| O|  |TAMS 0x0000000084000000| PB 0x0000000084000000| Untracked 
|  13|0x0000000084100000, 0x0000000084100000, 0x0000000084200000|  0%| F|  |TAMS 0x0000000084100000| PB 0x0000000084100000| Untracked 
|  14|0x0000000084200000, 0x0000000084300000, 0x0000000084300000|100%| O|  |TAMS 0x0000000084200000| PB 0x0000000084200000| Untracked 
|  15|0x0000000084300000, 0x0000000084400000, 0x0000000084400000|100%| O|  |TAMS 0x0000000084300000| PB 0x0000000084300000| Untracked 
|  16|0x0000000084400000, 0x0000000084400000, 0x0000000084500000|  0%| F|  |TAMS 0x0000000084400000| PB 0x0000000084400000| Untracked 
|  17|0x0000000084500000, 0x0000000084500000, 0x0000000084600000|  0%| F|  |TAMS 0x0000000084500000| PB 0x0000000084500000| Untracked 
|  18|0x0000000084600000, 0x0000000084659610, 0x0000000084700000| 34%| S|CS|TAMS 0x0000000084600000| PB 0x0000000084600000| Complete 
|  19|0x0000000084700000, 0x0000000084700000, 0x0000000084800000|  0%| F|  |TAMS 0x0000000084700000| PB 0x0000000084700000| Untracked 
|  20|0x0000000084800000, 0x0000000084900000, 0x0000000084900000|100%| S|CS|TAMS 0x0000000084800000| PB 0x0000000084800000| Complete 
|  21|0x0000000084900000, 0x0000000084a00000, 0x0000000084a00000|100%| S|CS|TAMS 0x0000000084900000| PB 0x0000000084900000| Complete 
|  22|0x0000000084a00000, 0x0000000084a00000, 0x0000000084b00000|  0%| F|  |TAMS 0x0000000084a00000| PB 0x0000000084a00000| Untracked 
|  23|0x0000000084b00000, 0x0000000084b00000, 0x0000000084c00000|  0%| F|  |TAMS 0x0000000084b00000| PB 0x0000000084b00000| Untracked 
|  24|0x0000000084c00000, 0x0000000084c00000, 0x0000000084d00000|  0%| F|  |TAMS 0x0000000084c00000| PB 0x0000000084c00000| Untracked 
|  25|0x0000000084d00000, 0x0000000084d00000, 0x0000000084e00000|  0%| F|  |TAMS 0x0000000084d00000| PB 0x0000000084d00000| Untracked 
|  26|0x0000000084e00000, 0x0000000084e00000, 0x0000000084f00000|  0%| F|  |TAMS 0x0000000084e00000| PB 0x0000000084e00000| Untracked 
|  27|0x0000000084f00000, 0x0000000084f00000, 0x0000000085000000|  0%| F|  |TAMS 0x0000000084f00000| PB 0x0000000084f00000| Untracked 
|  28|0x0000000085000000, 0x0000000085000000, 0x0000000085100000|  0%| F|  |TAMS 0x0000000085000000| PB 0x0000000085000000| Untracked 
|  29|0x0000000085100000, 0x0000000085100000, 0x0000000085200000|  0%| F|  |TAMS 0x0000000085100000| PB 0x0000000085100000| Untracked 
|  30|0x0000000085200000, 0x0000000085200000, 0x0000000085300000|  0%| F|  |TAMS 0x0000000085200000| PB 0x0000000085200000| Untracked 
|  31|0x0000000085300000, 0x0000000085400000, 0x0000000085400000|100%|HS|  |TAMS 0x0000000085300000| PB 0x0000000085300000| Complete 
|  32|0x0000000085400000, 0x0000000085500000, 0x0000000085500000|100%|HC|  |TAMS 0x0000000085400000| PB 0x0000000085400000| Complete 
|  33|0x0000000085500000, 0x0000000085600000, 0x0000000085600000|100%|HC|  |TAMS 0x0000000085500000| PB 0x0000000085500000| Complete 
|  34|0x0000000085600000, 0x0000000085700000, 0x0000000085700000|100%|HC|  |TAMS 0x0000000085600000| PB 0x0000000085600000| Complete 
|  35|0x0000000085700000, 0x0000000085800000, 0x0000000085800000|100%|HC|  |TAMS 0x0000000085700000| PB 0x0000000085700000| Complete 
|  36|0x0000000085800000, 0x0000000085900000, 0x0000000085900000|100%|HC|  |TAMS 0x0000000085800000| PB 0x0000000085800000| Complete 
|  37|0x0000000085900000, 0x0000000085a00000, 0x0000000085a00000|100%|HC|  |TAMS 0x0000000085900000| PB 0x0000000085900000| Complete 
|  38|0x0000000085a00000, 0x0000000085b00000, 0x0000000085b00000|100%|HC|  |TAMS 0x0000000085a00000| PB 0x0000000085a00000| Complete 
|  39|0x0000000085b00000, 0x0000000085c00000, 0x0000000085c00000|100%|HC|  |TAMS 0x0000000085b00000| PB 0x0000000085b00000| Complete 
|  40|0x0000000085c00000, 0x0000000085d00000, 0x0000000085d00000|100%|HC|  |TAMS 0x0000000085c00000| PB 0x0000000085c00000| Complete 
|  41|0x0000000085d00000, 0x0000000085e00000, 0x0000000085e00000|100%|HC|  |TAMS 0x0000000085d00000| PB 0x0000000085d00000| Complete 
|  42|0x0000000085e00000, 0x0000000085f00000, 0x0000000085f00000|100%|HC|  |TAMS 0x0000000085e00000| PB 0x0000000085e00000| Complete 
|  43|0x0000000085f00000, 0x0000000086000000, 0x0000000086000000|100%|HC|  |TAMS 0x0000000085f00000| PB 0x0000000085f00000| Complete 
|  44|0x0000000086000000, 0x0000000086100000, 0x0000000086100000|100%|HC|  |TAMS 0x0000000086000000| PB 0x0000000086000000| Complete 
|  45|0x0000000086100000, 0x0000000086200000, 0x0000000086200000|100%|HC|  |TAMS 0x0000000086100000| PB 0x0000000086100000| Complete 
|  46|0x0000000086200000, 0x0000000086200000, 0x0000000086300000|  0%| F|  |TAMS 0x0000000086200000| PB 0x0000000086200000| Untracked 
|  47|0x0000000086300000, 0x0000000086300000, 0x0000000086400000|  0%| F|  |TAMS 0x0000000086300000| PB 0x0000000086300000| Untracked 
|  48|0x0000000086400000, 0x0000000086400000, 0x0000000086500000|  0%| F|  |TAMS 0x0000000086400000| PB 0x0000000086400000| Untracked 
|  49|0x0000000086500000, 0x0000000086500000, 0x0000000086600000|  0%| F|  |TAMS 0x0000000086500000| PB 0x0000000086500000| Untracked 
|  50|0x0000000086600000, 0x0000000086600000, 0x0000000086700000|  0%| F|  |TAMS 0x0000000086600000| PB 0x0000000086600000| Untracked 
|  51|0x0000000086700000, 0x0000000086700000, 0x0000000086800000|  0%| F|  |TAMS 0x0000000086700000| PB 0x0000000086700000| Untracked 
|  52|0x0000000086800000, 0x0000000086800000, 0x0000000086900000|  0%| F|  |TAMS 0x0000000086800000| PB 0x0000000086800000| Untracked 
|  53|0x0000000086900000, 0x0000000086900000, 0x0000000086a00000|  0%| F|  |TAMS 0x0000000086900000| PB 0x0000000086900000| Untracked 
|  54|0x0000000086a00000, 0x0000000086a00000, 0x0000000086b00000|  0%| F|  |TAMS 0x0000000086a00000| PB 0x0000000086a00000| Untracked 
|  55|0x0000000086b00000, 0x0000000086b00000, 0x0000000086c00000|  0%| F|  |TAMS 0x0000000086b00000| PB 0x0000000086b00000| Untracked 
|  56|0x0000000086c00000, 0x0000000086c00000, 0x0000000086d00000|  0%| F|  |TAMS 0x0000000086c00000| PB 0x0000000086c00000| Untracked 
|  57|0x0000000086d00000, 0x0000000086d00000, 0x0000000086e00000|  0%| F|  |TAMS 0x0000000086d00000| PB 0x0000000086d00000| Untracked 
|  58|0x0000000086e00000, 0x0000000086eee1b0, 0x0000000086f00000| 93%| E|  |TAMS 0x0000000086e00000| PB 0x0000000086e00000| Complete 
|  59|0x0000000086f00000, 0x0000000087000000, 0x0000000087000000|100%| E|CS|TAMS 0x0000000086f00000| PB 0x0000000086f00000| Complete 
|  60|0x0000000087000000, 0x0000000087100000, 0x0000000087100000|100%| E|  |TAMS 0x0000000087000000| PB 0x0000000087000000| Complete 
|  61|0x0000000087100000, 0x0000000087200000, 0x0000000087200000|100%| E|CS|TAMS 0x0000000087100000| PB 0x0000000087100000| Complete 
|  62|0x0000000087200000, 0x0000000087300000, 0x0000000087300000|100%| E|CS|TAMS 0x0000000087200000| PB 0x0000000087200000| Complete 
|  63|0x0000000087300000, 0x0000000087400000, 0x0000000087400000|100%| E|CS|TAMS 0x0000000087300000| PB 0x0000000087300000| Complete 
|  64|0x0000000087400000, 0x0000000087500000, 0x0000000087500000|100%| E|CS|TAMS 0x0000000087400000| PB 0x0000000087400000| Complete 
|  65|0x0000000087500000, 0x0000000087600000, 0x0000000087600000|100%| E|CS|TAMS 0x0000000087500000| PB 0x0000000087500000| Complete 
|  66|0x0000000087600000, 0x0000000087700000, 0x0000000087700000|100%| E|CS|TAMS 0x0000000087600000| PB 0x0000000087600000| Complete 
|  67|0x0000000087700000, 0x0000000087800000, 0x0000000087800000|100%| E|CS|TAMS 0x0000000087700000| PB 0x0000000087700000| Complete 
|  68|0x0000000087800000, 0x0000000087900000, 0x0000000087900000|100%| E|CS|TAMS 0x0000000087800000| PB 0x0000000087800000| Complete 
|  96|0x0000000089400000, 0x0000000089500000, 0x0000000089500000|100%| E|CS|TAMS 0x0000000089400000| PB 0x0000000089400000| Complete 
|  97|0x0000000089500000, 0x0000000089600000, 0x0000000089600000|100%| E|CS|TAMS 0x0000000089500000| PB 0x0000000089500000| Complete 
|  98|0x0000000089600000, 0x0000000089700000, 0x0000000089700000|100%| E|CS|TAMS 0x0000000089600000| PB 0x0000000089600000| Complete 
|  99|0x0000000089700000, 0x0000000089800000, 0x0000000089800000|100%| E|CS|TAMS 0x0000000089700000| PB 0x0000000089700000| Complete 
| 100|0x0000000089800000, 0x0000000089900000, 0x0000000089900000|100%| E|CS|TAMS 0x0000000089800000| PB 0x0000000089800000| Complete 
| 125|0x000000008b100000, 0x000000008b200000, 0x000000008b200000|100%| E|CS|TAMS 0x000000008b100000| PB 0x000000008b100000| Complete 
|1993|0x00000000ffd00000, 0x00000000ffe00000, 0x00000000ffe00000|100%| E|CS|TAMS 0x00000000ffd00000| PB 0x00000000ffd00000| Complete 
|1994|0x00000000ffe00000, 0x00000000fff00000, 0x00000000fff00000|100%| E|CS|TAMS 0x00000000ffe00000| PB 0x00000000ffe00000| Complete 
|1995|0x00000000fff00000, 0x0000000100000000, 0x0000000100000000|100%| O|  |TAMS 0x00000000fff00000| PB 0x00000000fff00000| Untracked 

Card table byte_map: [0x00000261ad500000,0x00000261ad8f0000] _byte_map_base: 0x00000261ad0e6000

Marking Bits: (CMBitMap*) 0x0000026195cd9820
 Bits: [0x00000261ad8f0000, 0x00000261af820000)

Polling page: 0x0000026193950000

Metaspace:

Usage:
  Non-class:     27.83 MB used.
      Class:      3.89 MB used.
       Both:     31.73 MB used.

Virtual space:
  Non-class space:       64.00 MB reserved,      28.25 MB ( 44%) committed,  1 nodes.
      Class space:        1.00 GB reserved,       4.25 MB ( <1%) committed,  1 nodes.
             Both:        1.06 GB reserved,      32.50 MB (  3%) committed. 

Chunk freelists:
   Non-Class:  3.79 MB
       Class:  11.86 MB
        Both:  15.65 MB

MaxMetaspaceSize: unlimited
CompressedClassSpaceSize: 1.00 GB
Initial GC threshold: 21.00 MB
Current GC threshold: 54.19 MB
CDS: on
 - commit_granule_bytes: 65536.
 - commit_granule_words: 8192.
 - virtual_space_node_default_size: 8388608.
 - enlarge_chunks_in_place: 1.
 - use_allocation_guard: 0.


Internal statistics:

num_allocs_failed_limit: 3.
num_arena_births: 684.
num_arena_deaths: 274.
num_vsnodes_births: 2.
num_vsnodes_deaths: 0.
num_space_committed: 520.
num_space_uncommitted: 0.
num_chunks_returned_to_freelist: 309.
num_chunks_taken_from_freelist: 1736.
num_chunk_merges: 82.
num_chunk_splits: 1176.
num_chunks_enlarged: 818.
num_inconsistent_stats: 0.

CodeHeap 'non-profiled nmethods': size=120000Kb used=4637Kb max_used=4637Kb free=115362Kb
 bounds [0x00000261a5be0000, 0x00000261a6070000, 0x00000261ad110000]
CodeHeap 'profiled nmethods': size=120000Kb used=13967Kb max_used=16029Kb free=106033Kb
 bounds [0x000002619e110000, 0x000002619f110000, 0x00000261a5640000]
CodeHeap 'non-nmethods': size=5760Kb used=2237Kb max_used=2288Kb free=3522Kb
 bounds [0x00000261a5640000, 0x00000261a58b0000, 0x00000261a5be0000]
 total_blobs=7848 nmethods=6905 adapters=847
 compilation: enabled
              stopped_count=0, restarted_count=0
 full_count=0

Compilation events (20 events):
Event: 23966.574 Thread 0x00000261b1ceca20 8653       4       org.java_websocket.drafts.Draft::translateHandshakeHttp (226 bytes)
Event: 23988.927 Thread 0x00000261b1ceca20 nmethod 8653 0x00000261a605b590 code [0x00000261a605bc60, 0x00000261a6061f30]
Event: 24080.012 Thread 0x00000261b1ceca20 8654       4       java.lang.Thread::run (23 bytes)
Event: 24082.232 Thread 0x00000261b1ceca20 nmethod 8654 0x00000261a5df0390 code [0x00000261a5df0520, 0x00000261a5df0638]
Event: 24122.812 Thread 0x00000261b1ceca20 8655  s    4       java.lang.Thread::setName (44 bytes)
Event: 24123.404 Thread 0x00000261b1ceca20 nmethod 8655 0x00000261a5cda990 code [0x00000261a5cdab40, 0x00000261a5cdaf50]
Event: 24137.546 Thread 0x00000261b1ceca20 8656       4       java.util.AbstractSequentialList::iterator (5 bytes)
Event: 24139.054 Thread 0x00000261b1ceca20 nmethod 8656 0x00000261a5cda490 code [0x00000261a5cda620, 0x00000261a5cda828]
Event: 24151.838 Thread 0x00000261b1ceca20 8657   !   4       java.net.Socket$SocketInputStream::read (56 bytes)
Event: 24167.503 Thread 0x00000261b1ceca20 nmethod 8657 0x00000261a6065d90 code [0x00000261a6066100, 0x00000261a6067f80]
Event: 24184.945 Thread 0x00000261b1cf45a0 8658       3       jdk.internal.net.http.HttpResponseImpl::<init> (80 bytes)
Event: 24185.268 Thread 0x00000261b1cf45a0 nmethod 8658 0x000002619eeb8510 code [0x000002619eeb87c0, 0x000002619eeb9848]
Event: 24199.749 Thread 0x00000261b1cf45a0 8668       3       java.util.concurrent.CompletableFuture$UniApply::<init> (14 bytes)
Event: 24199.766 Thread 0x00000261b1cf45a0 nmethod 8668 0x000002619e143090 code [0x000002619e143260, 0x000002619e143648]
Event: 24206.834 Thread 0x00000261b1ceca20 8669   !   4       java.nio.ByteBuffer::getArray (121 bytes)
Event: 24207.140 Thread 0x00000261b1ceca20 nmethod 8669 0x00000261a603d810 code [0x00000261a603d9c0, 0x00000261a603dd50]
Event: 24207.444 Thread 0x00000261b1ceca20 8670       4       java.nio.ByteBuffer::get (54 bytes)
Event: 24207.505 Thread 0x00000261b1ceca20 nmethod 8670 0x00000261a5c04e10 code [0x00000261a5c04fe0, 0x00000261a5c05568]
Event: 24224.873 Thread 0x00000261b1ceca20 8671       4       java.io.InputStream::read (9 bytes)
Event: 24225.945 Thread 0x00000261b1ceca20 nmethod 8671 0x00000261a603d490 code [0x00000261a603d620, 0x00000261a603d718]

GC Heap History (20 events):
Event: 17013.847 GC heap before
{Heap before GC invocations=36 (full 0):
 garbage-first heap   total 58368K, used 52310K [0x0000000083400000, 0x0000000100000000)
  region size 1024K, 21 young (21504K), 1 survivors (1024K)
 Metaspace       used 32445K, committed 33152K, reserved 1114112K
  class space    used 3988K, committed 4352K, reserved 1048576K
}
Event: 17014.358 GC heap after
{Heap after GC invocations=37 (full 0):
 garbage-first heap   total 58368K, used 31642K [0x0000000083400000, 0x0000000100000000)
  region size 1024K, 1 young (1024K), 1 survivors (1024K)
 Metaspace       used 32445K, committed 33152K, reserved 1114112K
  class space    used 3988K, committed 4352K, reserved 1048576K
}
Event: 18103.004 GC heap before
{Heap before GC invocations=37 (full 0):
 garbage-first heap   total 58368K, used 52122K [0x0000000083400000, 0x0000000100000000)
  region size 1024K, 21 young (21504K), 1 survivors (1024K)
 Metaspace       used 32447K, committed 33152K, reserved 1114112K
  class space    used 3988K, committed 4352K, reserved 1048576K
}
Event: 18103.052 GC heap after
{Heap after GC invocations=38 (full 0):
 garbage-first heap   total 58368K, used 31771K [0x0000000083400000, 0x0000000100000000)
  region size 1024K, 1 young (1024K), 1 survivors (1024K)
 Metaspace       used 32447K, committed 33152K, reserved 1114112K
  class space    used 3988K, committed 4352K, reserved 1048576K
}
Event: 19164.762 GC heap before
{Heap before GC invocations=39 (full 0):
 garbage-first heap   total 58368K, used 52251K [0x0000000083400000, 0x0000000100000000)
  region size 1024K, 21 young (21504K), 1 survivors (1024K)
 Metaspace       used 32479K, committed 33216K, reserved 1114112K
  class space    used 3988K, committed 4352K, reserved 1048576K
}
Event: 19164.803 GC heap after
{Heap after GC invocations=40 (full 0):
 garbage-first heap   total 58368K, used 31819K [0x0000000083400000, 0x0000000100000000)
  region size 1024K, 1 young (1024K), 1 survivors (1024K)
 Metaspace       used 32479K, committed 33216K, reserved 1114112K
  class space    used 3988K, committed 4352K, reserved 1048576K
}
Event: 20219.762 GC heap before
{Heap before GC invocations=40 (full 0):
 garbage-first heap   total 58368K, used 52299K [0x0000000083400000, 0x0000000100000000)
  region size 1024K, 21 young (21504K), 1 survivors (1024K)
 Metaspace       used 32482K, committed 33216K, reserved 1114112K
  class space    used 3988K, committed 4352K, reserved 1048576K
}
Event: 20219.842 GC heap after
{Heap after GC invocations=41 (full 0):
 garbage-first heap   total 58368K, used 31538K [0x0000000083400000, 0x0000000100000000)
  region size 1024K, 1 young (1024K), 1 survivors (1024K)
 Metaspace       used 32482K, committed 33216K, reserved 1114112K
  class space    used 3988K, committed 4352K, reserved 1048576K
}
Event: 21278.016 GC heap before
{Heap before GC invocations=41 (full 0):
 garbage-first heap   total 58368K, used 52018K [0x0000000083400000, 0x0000000100000000)
  region size 1024K, 21 young (21504K), 1 survivors (1024K)
 Metaspace       used 32482K, committed 33216K, reserved 1114112K
  class space    used 3988K, committed 4352K, reserved 1048576K
}
Event: 21278.062 GC heap after
{Heap after GC invocations=42 (full 0):
 garbage-first heap   total 58368K, used 31609K [0x0000000083400000, 0x0000000100000000)
  region size 1024K, 1 young (1024K), 1 survivors (1024K)
 Metaspace       used 32482K, committed 33216K, reserved 1114112K
  class space    used 3988K, committed 4352K, reserved 1048576K
}
Event: 22333.811 GC heap before
{Heap before GC invocations=43 (full 0):
 garbage-first heap   total 58368K, used 52089K [0x0000000083400000, 0x0000000100000000)
  region size 1024K, 21 young (21504K), 1 survivors (1024K)
 Metaspace       used 32482K, committed 33216K, reserved 1114112K
  class space    used 3988K, committed 4352K, reserved 1048576K
}
Event: 22333.889 GC heap after
{Heap after GC invocations=44 (full 0):
 garbage-first heap   total 58368K, used 31644K [0x0000000083400000, 0x0000000100000000)
  region size 1024K, 1 young (1024K), 1 survivors (1024K)
 Metaspace       used 32482K, committed 33216K, reserved 1114112K
  class space    used 3988K, committed 4352K, reserved 1048576K
}
Event: 23253.730 GC heap before
{Heap before GC invocations=44 (full 0):
 garbage-first heap   total 58368K, used 52124K [0x0000000083400000, 0x0000000100000000)
  region size 1024K, 21 young (21504K), 1 survivors (1024K)
 Metaspace       used 32484K, committed 33280K, reserved 1114112K
  class space    used 3988K, committed 4352K, reserved 1048576K
}
Event: 23253.874 GC heap after
{Heap after GC invocations=45 (full 0):
 garbage-first heap   total 58368K, used 31608K [0x0000000083400000, 0x0000000100000000)
  region size 1024K, 1 young (1024K), 1 survivors (1024K)
 Metaspace       used 32484K, committed 33280K, reserved 1114112K
  class space    used 3988K, committed 4352K, reserved 1048576K
}
Event: 23467.456 GC heap before
{Heap before GC invocations=45 (full 0):
 garbage-first heap   total 58368K, used 52088K [0x0000000083400000, 0x0000000100000000)
  region size 1024K, 21 young (21504K), 1 survivors (1024K)
 Metaspace       used 32485K, committed 33280K, reserved 1114112K
  class space    used 3988K, committed 4352K, reserved 1048576K
}
Event: 23467.509 GC heap after
{Heap after GC invocations=46 (full 0):
 garbage-first heap   total 58368K, used 31696K [0x0000000083400000, 0x0000000100000000)
  region size 1024K, 1 young (1024K), 1 survivors (1024K)
 Metaspace       used 32485K, committed 33280K, reserved 1114112K
  class space    used 3988K, committed 4352K, reserved 1048576K
}
Event: 23681.754 GC heap before
{Heap before GC invocations=47 (full 0):
 garbage-first heap   total 58368K, used 52176K [0x0000000083400000, 0x0000000100000000)
  region size 1024K, 21 young (21504K), 1 survivors (1024K)
 Metaspace       used 32485K, committed 33280K, reserved 1114112K
  class space    used 3988K, committed 4352K, reserved 1048576K
}
Event: 23681.826 GC heap after
{Heap after GC invocations=48 (full 0):
 garbage-first heap   total 79872K, used 31704K [0x0000000083400000, 0x0000000100000000)
  region size 1024K, 1 young (1024K), 1 survivors (1024K)
 Metaspace       used 32485K, committed 33280K, reserved 1114112K
  class space    used 3988K, committed 4352K, reserved 1048576K
}
Event: 24024.833 GC heap before
{Heap before GC invocations=48 (full 0):
 garbage-first heap   total 79872K, used 72664K [0x0000000083400000, 0x0000000100000000)
  region size 1024K, 41 young (41984K), 1 survivors (1024K)
 Metaspace       used 32487K, committed 33280K, reserved 1114112K
  class space    used 3988K, committed 4352K, reserved 1048576K
}
Event: 24025.372 GC heap after
{Heap after GC invocations=49 (full 0):
 garbage-first heap   total 79872K, used 33877K [0x0000000083400000, 0x0000000100000000)
  region size 1024K, 3 young (3072K), 3 survivors (3072K)
 Metaspace       used 32487K, committed 33280K, reserved 1114112K
  class space    used 3988K, committed 4352K, reserved 1048576K
}

Dll operation events (20 events):
Event: 0.706 Loaded shared library C:\Users\admin\.openjfx\cache\17.0.6\api-ms-win-crt-stdio-l1-1-0.dll
Event: 0.710 Loaded shared library C:\Users\admin\.openjfx\cache\17.0.6\api-ms-win-crt-string-l1-1-0.dll
Event: 0.716 Loaded shared library C:\Users\admin\.openjfx\cache\17.0.6\api-ms-win-crt-time-l1-1-0.dll
Event: 0.722 Loaded shared library C:\Users\admin\.openjfx\cache\17.0.6\api-ms-win-crt-utility-l1-1-0.dll
Event: 0.741 Loaded shared library C:\Users\admin\.openjfx\cache\17.0.6\ucrtbase.dll
Event: 0.748 Loaded shared library C:\Users\admin\.openjfx\cache\17.0.6\vcruntime140.dll
Event: 0.752 Loaded shared library C:\Users\admin\.openjfx\cache\17.0.6\vcruntime140_1.dll
Event: 0.763 Loaded shared library C:\Users\admin\.openjfx\cache\17.0.6\msvcp140.dll
Event: 0.767 Loaded shared library C:\Users\admin\.openjfx\cache\17.0.6\msvcp140_1.dll
Event: 0.772 Loaded shared library C:\Users\admin\.openjfx\cache\17.0.6\msvcp140_2.dll
Event: 0.835 Loaded shared library C:\Users\admin\.openjfx\cache\17.0.6\prism_d3d.dll
Event: 0.899 Loaded shared library C:\Users\admin\.openjfx\cache\17.0.6\glass.dll
Event: 1.056 Loaded shared library C:\Program Files\Java\jdk-21\bin\jimage.dll
Event: 1.489 Loaded shared library C:\Program Files\Java\jdk-21\bin\sunmscapi.dll
Event: 1.905 Loaded shared library C:\Users\admin\.openjfx\cache\17.0.6\javafx_font.dll
Event: 2.095 Loaded shared library C:\Users\admin\.openjfx\cache\17.0.6\glib-lite.dll
Event: 2.115 Loaded shared library C:\Users\admin\.openjfx\cache\17.0.6\gstreamer-lite.dll
Event: 2.133 Loaded shared library C:\Users\admin\.openjfx\cache\17.0.6\jfxmedia.dll
Event: 2.365 Loaded shared library C:\Program Files\Java\jdk-21\bin\prefs.dll
Event: 10.973 Loaded shared library C:\Users\admin\.openjfx\cache\17.0.6\javafx_iio.dll

Deoptimization events (20 events):
Event: 24241.926 Thread 0x00000261f7383a40 Uncommon trap: trap_request=0xffffffc6 fr.pc=0x00000261a5f8c980 relative=0x0000000000000620
Event: 24241.926 Thread 0x00000261f7383a40 Uncommon trap: reason=bimorphic_or_optimized_type_check action=maybe_recompile pc=0x00000261a5f8c980 method=java.lang.Throwable.getLocalizedMessage()Ljava/lang/String; @ 1 c2
Event: 24241.926 Thread 0x00000261f7383a40 DEOPT PACKING pc=0x00000261a5f8c980 sp=0x000000aaec5ff220
Event: 24241.926 Thread 0x00000261f7383a40 DEOPT UNPACKING pc=0x00000261a5697da2 sp=0x000000aaec5ff180 mode 2
Event: 24242.270 Thread 0x00000261fc7ae7a0 Uncommon trap: trap_request=0xffffffde fr.pc=0x00000261a5f96994 relative=0x0000000000000dd4
Event: 24242.270 Thread 0x00000261fc7ae7a0 Uncommon trap: reason=class_check action=maybe_recompile pc=0x00000261a5f96994 method=java.lang.Throwable.<init>(Ljava/lang/Throwable;)V @ 38 c2
Event: 24242.270 Thread 0x00000261fc7ae7a0 DEOPT PACKING pc=0x00000261a5f96994 sp=0x000000aadacfe7c0
Event: 24242.271 Thread 0x00000261fc7ae7a0 DEOPT UNPACKING pc=0x00000261a5697da2 sp=0x000000aadacfe788 mode 2
Event: 24242.274 Thread 0x00000261fc7ae7a0 Uncommon trap: trap_request=0xffffffc6 fr.pc=0x00000261a5f8c980 relative=0x0000000000000620
Event: 24242.274 Thread 0x00000261fc7ae7a0 Uncommon trap: reason=bimorphic_or_optimized_type_check action=maybe_recompile pc=0x00000261a5f8c980 method=java.lang.Throwable.getLocalizedMessage()Ljava/lang/String; @ 1 c2
Event: 24242.274 Thread 0x00000261fc7ae7a0 DEOPT PACKING pc=0x00000261a5f8c980 sp=0x000000aadacfe750
Event: 24242.396 Thread 0x00000261fc7ae7a0 DEOPT UNPACKING pc=0x00000261a5697da2 sp=0x000000aadacfe6b0 mode 2
Event: 24245.192 Thread 0x00000261f7383a40 Uncommon trap: trap_request=0xffffffde fr.pc=0x00000261a5f96994 relative=0x0000000000000dd4
Event: 24245.192 Thread 0x00000261f7383a40 Uncommon trap: reason=class_check action=maybe_recompile pc=0x00000261a5f96994 method=java.lang.Throwable.<init>(Ljava/lang/Throwable;)V @ 38 c2
Event: 24245.192 Thread 0x00000261f7383a40 DEOPT PACKING pc=0x00000261a5f96994 sp=0x000000aaec5ff1a0
Event: 24245.192 Thread 0x00000261f7383a40 DEOPT UNPACKING pc=0x00000261a5697da2 sp=0x000000aaec5ff168 mode 2
Event: 24245.192 Thread 0x00000261f7383a40 Uncommon trap: trap_request=0xffffffc6 fr.pc=0x00000261a5f8c980 relative=0x0000000000000620
Event: 24245.192 Thread 0x00000261f7383a40 Uncommon trap: reason=bimorphic_or_optimized_type_check action=maybe_recompile pc=0x00000261a5f8c980 method=java.lang.Throwable.getLocalizedMessage()Ljava/lang/String; @ 1 c2
Event: 24245.192 Thread 0x00000261f7383a40 DEOPT PACKING pc=0x00000261a5f8c980 sp=0x000000aaec5ff130
Event: 24245.192 Thread 0x00000261f7383a40 DEOPT UNPACKING pc=0x00000261a5697da2 sp=0x000000aaec5ff090 mode 2

Classes loaded (20 events):
Event: 11.107 Loading class sun/net/www/http/KeepAliveEntry
Event: 11.107 Loading class sun/net/www/http/KeepAliveEntry done
Event: 12.520 Loading class java/net/URLEncoder
Event: 12.521 Loading class java/net/URLEncoder done
Event: 12.521 Loading class java/io/CharArrayWriter
Event: 12.521 Loading class java/io/CharArrayWriter done
Event: 14.112 Loading class java/lang/foreign/MemorySegment
Event: 14.112 Loading class java/lang/foreign/MemorySegment done
Event: 14.753 Loading class java/util/AbstractMap$SimpleEntry
Event: 14.753 Loading class java/util/AbstractMap$SimpleEntry done
Event: 473.113 Loading class java/util/concurrent/CompletionException
Event: 473.168 Loading class java/util/concurrent/CompletionException done
Event: 1657.783 Loading class java/util/concurrent/LinkedBlockingQueue$Itr
Event: 1657.904 Loading class java/util/concurrent/LinkedBlockingQueue$Itr done
Event: 1659.753 Loading class sun/net/util/SocketExceptions
Event: 1659.759 Loading class sun/net/util/SocketExceptions done
Event: 1664.917 Loading class java/net/SocketTimeoutException
Event: 1664.920 Loading class java/net/SocketTimeoutException done
Event: 4081.664 Loading class sun/net/ConnectionResetException
Event: 4081.826 Loading class sun/net/ConnectionResetException done

Classes unloaded (20 events):
Event: 2764.841 Thread 0x00000261b1cc7e10 Unloading class 0x00000261b3017800 'java/lang/invoke/LambdaForm$MH+0x00000261b3017800'
Event: 2764.841 Thread 0x00000261b1cc7e10 Unloading class 0x00000261b3017000 'java/lang/invoke/LambdaForm$MH+0x00000261b3017000'
Event: 2764.841 Thread 0x00000261b1cc7e10 Unloading class 0x00000261b3016400 'java/lang/invoke/LambdaForm$MH+0x00000261b3016400'
Event: 2764.841 Thread 0x00000261b1cc7e10 Unloading class 0x00000261b3016000 'java/lang/invoke/LambdaForm$MH+0x00000261b3016000'
Event: 2764.841 Thread 0x00000261b1cc7e10 Unloading class 0x00000261b3015c00 'java/lang/invoke/LambdaForm$MH+0x00000261b3015c00'
Event: 2764.841 Thread 0x00000261b1cc7e10 Unloading class 0x00000261b3015400 'java/lang/invoke/LambdaForm$MH+0x00000261b3015400'
Event: 2764.841 Thread 0x00000261b1cc7e10 Unloading class 0x00000261b3014400 'java/lang/invoke/LambdaForm$MH+0x00000261b3014400'
Event: 2764.842 Thread 0x00000261b1cc7e10 Unloading class 0x00000261b3006800 'java/lang/invoke/LambdaForm$MH+0x00000261b3006800'
Event: 2764.842 Thread 0x00000261b1cc7e10 Unloading class 0x00000261b3005c00 'java/lang/invoke/LambdaForm$MH+0x00000261b3005c00'
Event: 2764.842 Thread 0x00000261b1cc7e10 Unloading class 0x00000261b3005800 'java/lang/invoke/LambdaForm$MH+0x00000261b3005800'
Event: 2764.842 Thread 0x00000261b1cc7e10 Unloading class 0x00000261b3005000 'java/lang/invoke/LambdaForm$MH+0x00000261b3005000'
Event: 3222.957 Thread 0x00000261b1cc7e10 Unloading class 0x00000261b3428000 'java/lang/invoke/LambdaForm$MH+0x00000261b3428000'
Event: 3222.957 Thread 0x00000261b1cc7e10 Unloading class 0x00000261b3427c00 'java/lang/invoke/LambdaForm$MH+0x00000261b3427c00'
Event: 3222.957 Thread 0x00000261b1cc7e10 Unloading class 0x00000261b3427800 'java/lang/invoke/LambdaForm$MH+0x00000261b3427800'
Event: 3222.957 Thread 0x00000261b1cc7e10 Unloading class 0x00000261b3427000 'java/lang/invoke/LambdaForm$MH+0x00000261b3427000'
Event: 3222.957 Thread 0x00000261b1cc7e10 Unloading class 0x00000261b3426800 'java/lang/invoke/LambdaForm$MH+0x00000261b3426800'
Event: 3222.957 Thread 0x00000261b1cc7e10 Unloading class 0x00000261b3425400 'java/lang/invoke/LambdaForm$MH+0x00000261b3425400'
Event: 3222.957 Thread 0x00000261b1cc7e10 Unloading class 0x00000261b3424800 'java/lang/invoke/LambdaForm$MH+0x00000261b3424800'
Event: 3222.957 Thread 0x00000261b1cc7e10 Unloading class 0x00000261b3424400 'java/lang/invoke/LambdaForm$MH+0x00000261b3424400'
Event: 3222.957 Thread 0x00000261b1cc7e10 Unloading class 0x00000261b3424000 'java/lang/invoke/LambdaForm$MH+0x00000261b3424000'

Classes redefined (0 events):
No events

Internal exceptions (20 events):
Event: 24260.680 Thread 0x00000261fc7b4a10 Exception <a 'java/io/IOException'{0x0000000086ec64d8}> (0x0000000086ec64d8) 
thrown [s\open\src\hotspot\share\prims\jni.cpp, line 520]
Event: 24260.680 Thread 0x00000261fc7b4a10 Exception <a 'java/io/IOException'{0x0000000086ec6a18}> (0x0000000086ec6a18) 
thrown [s\open\src\hotspot\share\prims\jni.cpp, line 520]
Event: 24260.680 Thread 0x00000261fc7b4a10 Exception <a 'java/io/IOException'{0x0000000086ec6d30}> (0x0000000086ec6d30) 
thrown [s\open\src\hotspot\share\prims\jni.cpp, line 520]
Event: 24260.680 Thread 0x00000261fc7b4a10 Exception <a 'java/io/IOException'{0x0000000086ec7340}> (0x0000000086ec7340) 
thrown [s\open\src\hotspot\share\prims\jni.cpp, line 520]
Event: 24260.680 Thread 0x00000261fc7b4a10 Exception <a 'java/io/IOException'{0x0000000086ec7658}> (0x0000000086ec7658) 
thrown [s\open\src\hotspot\share\prims\jni.cpp, line 520]
Event: 24260.680 Thread 0x00000261fc7b4a10 Exception <a 'java/io/IOException'{0x0000000086ec7bf0}> (0x0000000086ec7bf0) 
thrown [s\open\src\hotspot\share\prims\jni.cpp, line 520]
Event: 24260.680 Thread 0x00000261fc7b4a10 Exception <a 'java/io/IOException'{0x0000000086ec7f08}> (0x0000000086ec7f08) 
thrown [s\open\src\hotspot\share\prims\jni.cpp, line 520]
Event: 24260.680 Thread 0x00000261fc7b4a10 Exception <a 'java/io/IOException'{0x0000000086ec84a8}> (0x0000000086ec84a8) 
thrown [s\open\src\hotspot\share\prims\jni.cpp, line 520]
Event: 24260.680 Thread 0x00000261fc7b4a10 Exception <a 'java/io/IOException'{0x0000000086ec87c0}> (0x0000000086ec87c0) 
thrown [s\open\src\hotspot\share\prims\jni.cpp, line 520]
Event: 24260.680 Thread 0x00000261fc7b4a10 Exception <a 'java/io/IOException'{0x0000000086ec8cb8}> (0x0000000086ec8cb8) 
thrown [s\open\src\hotspot\share\prims\jni.cpp, line 520]
Event: 24260.680 Thread 0x00000261fc7b4a10 Exception <a 'java/io/IOException'{0x0000000086ec8fd0}> (0x0000000086ec8fd0) 
thrown [s\open\src\hotspot\share\prims\jni.cpp, line 520]
Event: 24260.680 Thread 0x00000261fc7b4a10 Exception <a 'java/io/IOException'{0x0000000086ec9650}> (0x0000000086ec9650) 
thrown [s\open\src\hotspot\share\prims\jni.cpp, line 520]
Event: 24260.680 Thread 0x00000261fc7b4a10 Exception <a 'java/io/IOException'{0x0000000086ec9968}> (0x0000000086ec9968) 
thrown [s\open\src\hotspot\share\prims\jni.cpp, line 520]
Event: 24260.765 Thread 0x00000261fc7b4a10 Exception <a 'java/io/IOException'{0x0000000086ec9cb8}> (0x0000000086ec9cb8) 
thrown [s\open\src\hotspot\share\prims\jni.cpp, line 520]
Event: 24260.765 Thread 0x00000261fc7b4a10 Exception <a 'java/io/IOException'{0x0000000086ec9fd0}> (0x0000000086ec9fd0) 
thrown [s\open\src\hotspot\share\prims\jni.cpp, line 520]
Event: 24261.485 Thread 0x00000261fc7b0f00 Exception <a 'java/net/ConnectException'{0x0000000086e88048}: Connection refused: getsockopt> (0x0000000086e88048) 
thrown [s\open\src\hotspot\share\prims\jni.cpp, line 539]
Event: 24262.081 Thread 0x0000026182870fc0 Exception <a 'java/net/ConnectException'{0x0000000086ed4170}: Connection refused: connect> (0x0000000086ed4170) 
thrown [s\open\src\hotspot\share\prims\jni.cpp, line 539]
Event: 24262.772 Thread 0x00000261fc7b4a10 Exception <a 'java/io/IOException'{0x0000000086eca7c8}> (0x0000000086eca7c8) 
thrown [s\open\src\hotspot\share\prims\jni.cpp, line 520]
Event: 24262.772 Thread 0x00000261fc7b4a10 Exception <a 'java/io/IOException'{0x0000000086ecaae0}> (0x0000000086ecaae0) 
thrown [s\open\src\hotspot\share\prims\jni.cpp, line 520]
Event: 24266.381 Thread 0x00000261fc7b0f00 Exception <a 'java/net/ConnectException'{0x0000000086ed9610}: Connection refused: getsockopt> (0x0000000086ed9610) 
thrown [s\open\src\hotspot\share\prims\jni.cpp, line 539]

ZGC Phase Switch (0 events):
No events

VM Operations (20 events):
Event: 24147.193 Executing VM operation: HandshakeAllThreads (HandshakeForDeflation)
Event: 24147.193 Executing VM operation: HandshakeAllThreads (HandshakeForDeflation) done
Event: 24147.194 Executing VM operation: RendezvousGCThreads
Event: 24147.194 Executing VM operation: RendezvousGCThreads done
Event: 24168.438 Executing VM operation: Cleanup
Event: 24168.438 Executing VM operation: Cleanup done
Event: 24207.423 Executing VM operation: HandshakeAllThreads (HandshakeForDeflation)
Event: 24207.448 Executing VM operation: HandshakeAllThreads (HandshakeForDeflation) done
Event: 24207.448 Executing VM operation: RendezvousGCThreads
Event: 24207.448 Executing VM operation: RendezvousGCThreads done
Event: 24208.451 Executing VM operation: Cleanup
Event: 24208.451 Executing VM operation: Cleanup done
Event: 24226.637 Executing VM operation: Cleanup
Event: 24226.762 Executing VM operation: Cleanup done
Event: 24241.937 Executing VM operation: Cleanup
Event: 24242.150 Executing VM operation: Cleanup done
Event: 24243.152 Executing VM operation: Cleanup
Event: 24243.357 Executing VM operation: Cleanup done
Event: 24257.443 Executing VM operation: Cleanup
Event: 24260.679 Executing VM operation: Cleanup done

Events (20 events):
Event: 24213.447 Thread 0x00000261fe4f3320 Thread exited: 0x00000261fe4f3320
Event: 24213.447 Thread 0x00000261fe4f2c90 Thread exited: 0x00000261fe4f2c90
Event: 24215.597 Thread 0x00000261fe4f2600 Thread added: 0x00000261fe4f2600
Event: 24215.701 Thread 0x00000261fe4f2c90 Thread added: 0x00000261fe4f2c90
Event: 24215.829 Thread 0x00000261fe4f3320 Thread added: 0x00000261fe4f3320
Event: 24215.931 Thread 0x00000261fe4f2600 Thread exited: 0x00000261fe4f2600
Event: 24215.931 Thread 0x00000261fe4f3320 Thread exited: 0x00000261fe4f3320
Event: 24215.931 Thread 0x00000261fe4f2c90 Thread exited: 0x00000261fe4f2c90
Event: 24217.954 Thread 0x00000261fe4f2600 Thread added: 0x00000261fe4f2600
Event: 24217.956 Thread 0x00000261fe4f2c90 Thread added: 0x00000261fe4f2c90
Event: 24226.070 Thread 0x00000261fe4f3320 Thread added: 0x00000261fe4f3320
Event: 24226.771 Thread 0x00000261fc7b2fd0 Thread added: 0x00000261fc7b2fd0
Event: 24233.216 Thread 0x0000026182873db0 Thread added: 0x0000026182873db0
Event: 24233.217 Thread 0x0000026182871650 Thread added: 0x0000026182871650
Event: 24240.235 Thread 0x0000026182873720 Thread added: 0x0000026182873720
Event: 24240.237 Thread 0x0000026182872a00 Thread added: 0x0000026182872a00
Event: 24245.204 Thread 0x0000026182871ce0 Thread added: 0x0000026182871ce0
Event: 24247.333 Thread 0x0000026182872370 Thread added: 0x0000026182872370
Event: 24247.407 Thread 0x0000026182873090 Thread added: 0x0000026182873090
Event: 24255.366 Thread 0x0000026182870fc0 Thread added: 0x0000026182870fc0


Dynamic libraries:
0x00007ff7cc720000 - 0x00007ff7cc730000 	C:\Program Files\Java\jdk-21\bin\java.exe
0x00007ffa00e20000 - 0x00007ffa01088000 	C:\WINDOWS\SYSTEM32\ntdll.dll
0x00007ff9fff40000 - 0x00007ffa00009000 	C:\WINDOWS\System32\KERNEL32.DLL
0x00007ff9fe260000 - 0x00007ff9fe658000 	C:\WINDOWS\System32\KERNELBASE.dll
0x00007ff9fea70000 - 0x00007ff9febbb000 	C:\WINDOWS\System32\ucrtbase.dll
0x00007ff9d8650000 - 0x00007ff9d8669000 	C:\Program Files\Java\jdk-21\bin\jli.dll
0x00007ff9f0050000 - 0x00007ff9f006b000 	C:\Program Files\Java\jdk-21\bin\VCRUNTIME140.dll
0x00007ffa00d20000 - 0x00007ffa00dd4000 	C:\WINDOWS\System32\ADVAPI32.dll
0x00007ffa00ad0000 - 0x00007ffa00b79000 	C:\WINDOWS\System32\msvcrt.dll
0x00007ffa00820000 - 0x00007ffa008c6000 	C:\WINDOWS\System32\sechost.dll
0x00007ff9ff9c0000 - 0x00007ff9ffad8000 	C:\WINDOWS\System32\RPCRT4.dll
0x00007ffa00900000 - 0x00007ffa00ac7000 	C:\WINDOWS\System32\USER32.dll
0x00007ff9fe0f0000 - 0x00007ff9fe117000 	C:\WINDOWS\System32\win32u.dll
0x00007ff9febc0000 - 0x00007ff9febeb000 	C:\WINDOWS\System32\GDI32.dll
0x00007ff9fe7d0000 - 0x00007ff9fe8fc000 	C:\WINDOWS\System32\gdi32full.dll
0x00007ff9fe9c0000 - 0x00007ff9fea63000 	C:\WINDOWS\System32\msvcp_win.dll
0x00007ff9e9d30000 - 0x00007ff9e9fc4000 	C:\WINDOWS\WinSxS\amd64_microsoft.windows.common-controls_6595b64144ccf1df_6.0.26100.7019_none_3e06ffa0e335b8a8\COMCTL32.dll
0x00007ff9f7580000 - 0x00007ff9f758b000 	C:\WINDOWS\SYSTEM32\VERSION.dll
0x00007ffa007e0000 - 0x00007ffa00811000 	C:\WINDOWS\System32\IMM32.DLL
0x00007ff9f8080000 - 0x00007ff9f808c000 	C:\Program Files\Java\jdk-21\bin\vcruntime140_1.dll
0x00007ff9c8a40000 - 0x00007ff9c8ace000 	C:\Program Files\Java\jdk-21\bin\msvcp140.dll
0x00007ff9899f0000 - 0x00007ff98a70d000 	C:\Program Files\Java\jdk-21\bin\server\jvm.dll
0x00007ff9ff210000 - 0x00007ff9ff284000 	C:\WINDOWS\System32\WS2_32.dll
0x00007ff9fddf0000 - 0x00007ff9fde4e000 	C:\WINDOWS\SYSTEM32\POWRPROF.dll
0x00007ff9eca00000 - 0x00007ff9eca35000 	C:\WINDOWS\SYSTEM32\WINMM.dll
0x00007ff9fddd0000 - 0x00007ff9fdde4000 	C:\WINDOWS\SYSTEM32\UMPDC.dll
0x00007ff9fcd30000 - 0x00007ff9fcd4b000 	C:\WINDOWS\SYSTEM32\kernel.appcore.dll
0x00007ff9efbd0000 - 0x00007ff9efbda000 	C:\Program Files\Java\jdk-21\bin\jimage.dll
0x00007ff9ea220000 - 0x00007ff9ea462000 	C:\WINDOWS\SYSTEM32\DBGHELP.DLL
0x00007ff9ffae0000 - 0x00007ff9ffe6b000 	C:\WINDOWS\System32\combase.dll
0x00007ff9ff0d0000 - 0x00007ff9ff1a7000 	C:\WINDOWS\System32\OLEAUT32.dll
0x00007ff9dd040000 - 0x00007ff9dd07c000 	C:\WINDOWS\SYSTEM32\dbgcore.DLL
0x00007ff9fe120000 - 0x00007ff9fe1c5000 	C:\WINDOWS\System32\bcryptPrimitives.dll
0x00007ff9efc80000 - 0x00007ff9efc9f000 	C:\Program Files\Java\jdk-21\bin\java.dll
0x00007ffa00080000 - 0x00007ffa007cf000 	C:\WINDOWS\System32\SHELL32.dll
0x00007ff9fe660000 - 0x00007ff9fe7cb000 	C:\WINDOWS\System32\wintypes.dll
0x00007ff9fbbd0000 - 0x00007ff9fc42d000 	C:\WINDOWS\SYSTEM32\windows.storage.dll
0x00007ff9fede0000 - 0x00007ff9feed2000 	C:\WINDOWS\System32\SHCORE.dll
0x00007ffa00010000 - 0x00007ffa00077000 	C:\WINDOWS\System32\shlwapi.dll
0x00007ff9fde90000 - 0x00007ff9fdeb9000 	C:\WINDOWS\SYSTEM32\profapi.dll
0x00007ff9c2be0000 - 0x00007ff9c2cb7000 	C:\Program Files\Java\jdk-21\bin\jsvml.dll
0x00007ff9efbc0000 - 0x00007ff9efbd0000 	C:\Program Files\Java\jdk-21\bin\net.dll
0x00007ff9f7160000 - 0x00007ff9f7288000 	C:\WINDOWS\SYSTEM32\WINHTTP.dll
0x00007ff9fd2a0000 - 0x00007ff9fd30b000 	C:\WINDOWS\system32\mswsock.dll
0x00007ff9ea500000 - 0x00007ff9ea516000 	C:\Program Files\Java\jdk-21\bin\nio.dll
0x00007ff9ea0f0000 - 0x00007ff9ea108000 	C:\Program Files\Java\jdk-21\bin\zip.dll
0x0000026193be0000 - 0x0000026193be3000 	C:\Users\admin\.openjfx\cache\17.0.6\api-ms-win-core-console-l1-1-0.dll
0x0000026193bf0000 - 0x0000026193bf3000 	C:\Users\admin\.openjfx\cache\17.0.6\api-ms-win-core-console-l1-2-0.dll
0x0000026193c00000 - 0x0000026193c03000 	C:\Users\admin\.openjfx\cache\17.0.6\api-ms-win-core-datetime-l1-1-0.dll
0x0000026193c20000 - 0x0000026193c23000 	C:\Users\admin\.openjfx\cache\17.0.6\api-ms-win-core-debug-l1-1-0.dll
0x0000026193c30000 - 0x0000026193c33000 	C:\Users\admin\.openjfx\cache\17.0.6\api-ms-win-core-errorhandling-l1-1-0.dll
0x0000026193c40000 - 0x0000026193c44000 	C:\Users\admin\.openjfx\cache\17.0.6\api-ms-win-core-file-l1-1-0.dll
0x0000026193c50000 - 0x0000026193c53000 	C:\Users\admin\.openjfx\cache\17.0.6\api-ms-win-core-file-l1-2-0.dll
0x0000026193c60000 - 0x0000026193c63000 	C:\Users\admin\.openjfx\cache\17.0.6\api-ms-win-core-file-l2-1-0.dll
0x0000026193c70000 - 0x0000026193c73000 	C:\Users\admin\.openjfx\cache\17.0.6\api-ms-win-core-handle-l1-1-0.dll
0x0000026193c80000 - 0x0000026193c83000 	C:\Users\admin\.openjfx\cache\17.0.6\api-ms-win-core-heap-l1-1-0.dll
0x0000026195b70000 - 0x0000026195b73000 	C:\Users\admin\.openjfx\cache\17.0.6\api-ms-win-core-interlocked-l1-1-0.dll
0x0000026195b80000 - 0x0000026195b83000 	C:\Users\admin\.openjfx\cache\17.0.6\api-ms-win-core-libraryloader-l1-1-0.dll
0x0000026195b90000 - 0x0000026195b93000 	C:\Users\admin\.openjfx\cache\17.0.6\api-ms-win-core-localization-l1-2-0.dll
0x0000026195ba0000 - 0x0000026195ba3000 	C:\Users\admin\.openjfx\cache\17.0.6\api-ms-win-core-memory-l1-1-0.dll
0x0000026195bb0000 - 0x0000026195bb3000 	C:\Users\admin\.openjfx\cache\17.0.6\api-ms-win-core-namedpipe-l1-1-0.dll
0x0000026195bc0000 - 0x0000026195bc3000 	C:\Users\admin\.openjfx\cache\17.0.6\api-ms-win-core-processenvironment-l1-1-0.dll
0x0000026195bd0000 - 0x0000026195bd3000 	C:\Users\admin\.openjfx\cache\17.0.6\api-ms-win-core-processthreads-l1-1-0.dll
0x0000026195be0000 - 0x0000026195be3000 	C:\Users\admin\.openjfx\cache\17.0.6\api-ms-win-core-processthreads-l1-1-1.dll
0x0000026195bf0000 - 0x0000026195bf3000 	C:\Users\admin\.openjfx\cache\17.0.6\api-ms-win-core-profile-l1-1-0.dll
0x0000026195c00000 - 0x0000026195c03000 	C:\Users\admin\.openjfx\cache\17.0.6\api-ms-win-core-rtlsupport-l1-1-0.dll
0x0000026195c10000 - 0x0000026195c13000 	C:\Users\admin\.openjfx\cache\17.0.6\api-ms-win-core-string-l1-1-0.dll
0x0000026195c20000 - 0x0000026195c23000 	C:\Users\admin\.openjfx\cache\17.0.6\api-ms-win-core-synch-l1-1-0.dll
0x0000026195c30000 - 0x0000026195c33000 	C:\Users\admin\.openjfx\cache\17.0.6\api-ms-win-core-synch-l1-2-0.dll
0x00000261b1e60000 - 0x00000261b1e63000 	C:\Users\admin\.openjfx\cache\17.0.6\api-ms-win-core-sysinfo-l1-1-0.dll
0x00000261b1e70000 - 0x00000261b1e73000 	C:\Users\admin\.openjfx\cache\17.0.6\api-ms-win-core-timezone-l1-1-0.dll
0x00000261b1e80000 - 0x00000261b1e83000 	C:\Users\admin\.openjfx\cache\17.0.6\api-ms-win-core-util-l1-1-0.dll
0x00000261b1e90000 - 0x00000261b1e93000 	C:\Users\admin\.openjfx\cache\17.0.6\api-ms-win-crt-conio-l1-1-0.dll
0x00000261b1ea0000 - 0x00000261b1ea4000 	C:\Users\admin\.openjfx\cache\17.0.6\api-ms-win-crt-convert-l1-1-0.dll
0x00000261b1eb0000 - 0x00000261b1eb3000 	C:\Users\admin\.openjfx\cache\17.0.6\api-ms-win-crt-environment-l1-1-0.dll
0x00000261b1ec0000 - 0x00000261b1ec3000 	C:\Users\admin\.openjfx\cache\17.0.6\api-ms-win-crt-filesystem-l1-1-0.dll
0x00000261b1ed0000 - 0x00000261b1ed3000 	C:\Users\admin\.openjfx\cache\17.0.6\api-ms-win-crt-heap-l1-1-0.dll
0x00000261b1ee0000 - 0x00000261b1ee3000 	C:\Users\admin\.openjfx\cache\17.0.6\api-ms-win-crt-locale-l1-1-0.dll
0x00000261b1ef0000 - 0x00000261b1ef5000 	C:\Users\admin\.openjfx\cache\17.0.6\api-ms-win-crt-math-l1-1-0.dll
0x00000261b1f00000 - 0x00000261b1f05000 	C:\Users\admin\.openjfx\cache\17.0.6\api-ms-win-crt-multibyte-l1-1-0.dll
0x00000261b1f10000 - 0x00000261b1f20000 	C:\Users\admin\.openjfx\cache\17.0.6\api-ms-win-crt-private-l1-1-0.dll
0x00000261b1f20000 - 0x00000261b1f23000 	C:\Users\admin\.openjfx\cache\17.0.6\api-ms-win-crt-process-l1-1-0.dll
0x00000261b1f30000 - 0x00000261b1f34000 	C:\Users\admin\.openjfx\cache\17.0.6\api-ms-win-crt-runtime-l1-1-0.dll
0x00000261b1f40000 - 0x00000261b1f44000 	C:\Users\admin\.openjfx\cache\17.0.6\api-ms-win-crt-stdio-l1-1-0.dll
0x00000261b1f50000 - 0x00000261b1f54000 	C:\Users\admin\.openjfx\cache\17.0.6\api-ms-win-crt-string-l1-1-0.dll
0x00000261b1f60000 - 0x00000261b1f63000 	C:\Users\admin\.openjfx\cache\17.0.6\api-ms-win-crt-time-l1-1-0.dll
0x00000261b1f70000 - 0x00000261b1f73000 	C:\Users\admin\.openjfx\cache\17.0.6\api-ms-win-crt-utility-l1-1-0.dll
0x00007ff9c25d0000 - 0x00007ff9c26cc000 	C:\Users\admin\.openjfx\cache\17.0.6\ucrtbase.dll
0x00007ff9d3b70000 - 0x00007ff9d3b8a000 	C:\Users\admin\.openjfx\cache\17.0.6\vcruntime140.dll
0x00007ff9f84b0000 - 0x00007ff9f84bc000 	C:\Users\admin\.openjfx\cache\17.0.6\vcruntime140_1.dll
0x00007ff9c21c0000 - 0x00007ff9c224d000 	C:\Users\admin\.openjfx\cache\17.0.6\msvcp140.dll
0x00007ff9eb9f0000 - 0x00007ff9eb9f9000 	C:\Users\admin\.openjfx\cache\17.0.6\msvcp140_1.dll
0x00007ff9d3560000 - 0x00007ff9d358f000 	C:\Users\admin\.openjfx\cache\17.0.6\msvcp140_2.dll
0x00007ff9d33e0000 - 0x00007ff9d340a000 	C:\Users\admin\.openjfx\cache\17.0.6\prism_d3d.dll
0x00007ff98f440000 - 0x00007ff98f5f0000 	C:\WINDOWS\system32\d3d9.dll
0x00007ff9fb520000 - 0x00007ff9fb550000 	C:\WINDOWS\SYSTEM32\dwmapi.dll
0x00007ff9fb370000 - 0x00007ff9fb3b3000 	C:\WINDOWS\SYSTEM32\dxcore.dll
0x00007ff9fb250000 - 0x00007ff9fb2fa000 	C:\WINDOWS\system32\uxtheme.dll
0x00007ffa00b80000 - 0x00007ffa00d17000 	C:\WINDOWS\System32\ole32.dll
0x00007ff9fdaf0000 - 0x00007ff9fdb47000 	C:\WINDOWS\SYSTEM32\cfgmgr32.dll
0x00007ff9f7b50000 - 0x00007ff9f7bb3000 	C:\WINDOWS\SYSTEM32\directxdatabasehelper.dll
0x00007ff9c3cf0000 - 0x00007ff9c3d32000 	C:\Users\admin\.openjfx\cache\17.0.6\glass.dll
0x00007ff9fef80000 - 0x00007ff9ff072000 	C:\WINDOWS\System32\COMDLG32.dll
0x00007ff9fec70000 - 0x00007ff9fedce000 	C:\WINDOWS\System32\MSCTF.dll
0x00007ff9fd560000 - 0x00007ff9fd57b000 	C:\WINDOWS\SYSTEM32\CRYPTSP.dll
0x00007ff9fcc90000 - 0x00007ff9fccca000 	C:\WINDOWS\system32\rsaenh.dll
0x00007ff9fd350000 - 0x00007ff9fd37b000 	C:\WINDOWS\SYSTEM32\USERENV.dll
0x00007ff9fde60000 - 0x00007ff9fde8a000 	C:\WINDOWS\SYSTEM32\bcrypt.dll
0x00007ff9fd580000 - 0x00007ff9fd58c000 	C:\WINDOWS\SYSTEM32\CRYPTBASE.dll
0x00007ff9fc740000 - 0x00007ff9fc774000 	C:\WINDOWS\SYSTEM32\IPHLPAPI.DLL
0x00007ff9feee0000 - 0x00007ff9feeea000 	C:\WINDOWS\System32\NSI.dll
0x00007ff9ef0f0000 - 0x00007ff9ef0fe000 	C:\Program Files\Java\jdk-21\bin\sunmscapi.dll
0x00007ff9fdf70000 - 0x00007ff9fe0e7000 	C:\WINDOWS\System32\CRYPT32.dll
0x00007ff9fd780000 - 0x00007ff9fd7b0000 	C:\WINDOWS\SYSTEM32\ncrypt.dll
0x00007ff9fd730000 - 0x00007ff9fd76f000 	C:\WINDOWS\SYSTEM32\NTASN1.dll
0x00007ff9d5350000 - 0x00007ff9d5358000 	C:\WINDOWS\system32\wshunix.dll
0x00007ff9d3b50000 - 0x00007ff9d3b64000 	C:\Users\admin\.openjfx\cache\17.0.6\javafx_font.dll
0x00007ff9c0f70000 - 0x00007ff9c100f000 	C:\Users\admin\.openjfx\cache\17.0.6\glib-lite.dll
0x00007ff9b8080000 - 0x00007ff9b816e000 	C:\Users\admin\.openjfx\cache\17.0.6\gstreamer-lite.dll
0x00007ff9b7db0000 - 0x00007ff9b7e44000 	C:\WINDOWS\SYSTEM32\DSOUND.dll
0x00007ff9b72f0000 - 0x00007ff9b73a1000 	C:\WINDOWS\SYSTEM32\ResampleDmo.DLL
0x00007ff9e8700000 - 0x00007ff9e8736000 	C:\WINDOWS\SYSTEM32\winmmbase.dll
0x00007ff9faf60000 - 0x00007ff9faf6e000 	C:\WINDOWS\SYSTEM32\msdmo.dll
0x00007ff9cff30000 - 0x00007ff9cff53000 	C:\Users\admin\.openjfx\cache\17.0.6\jfxmedia.dll
0x00007ff9cfc20000 - 0x00007ff9cfc42000 	C:\Users\admin\.openjfx\cache\17.0.6\fxplugins.dll
0x00007ff9ff290000 - 0x00007ff9ff340000 	C:\WINDOWS\System32\clbcatq.dll
0x00007ff9f0130000 - 0x00007ff9f01c7000 	C:\WINDOWS\System32\MMDevApi.dll
0x00007ff9fdac0000 - 0x00007ff9fdaed000 	C:\WINDOWS\System32\DEVOBJ.dll

dbghelp: loaded successfully - version: 4.0.5 - missing functions: none
symbol engine: initialized successfully - sym options: 0x614 - pdb path: .;C:\Program Files\Java\jdk-21\bin;C:\WINDOWS\SYSTEM32;C:\WINDOWS\WinSxS\amd64_microsoft.windows.common-controls_6595b64144ccf1df_6.0.26100.7019_none_3e06ffa0e335b8a8;C:\Program Files\Java\jdk-21\bin\server;C:\Users\admin\.openjfx\cache\17.0.6;C:\WINDOWS\System32\DriverStore\FileRepository\iigd_dch.inf_amd64_5802b1615520e41c;C:\Program Files\Common Files\Microsoft Shared\Ink

VM Arguments:
jvm_args: --add-exports=javafx.graphics/com.sun.glass.ui=ALL-UNNAMED --add-opens=javafx.graphics/com.sun.glass.ui=ALL-UNNAMED --module-path=C:\Users\admin\ChatRoom_LTM\W_demo\frontend\target\classes;C:\Users\admin\.m2\repository\com\fasterxml\jackson\core\jackson-annotations\2.19.2\jackson-annotations-2.19.2.jar;C:\Users\admin\.m2\repository\com\fasterxml\jackson\core\jackson-core\2.19.2\jackson-core-2.19.2.jar;C:\Users\admin\.m2\repository\com\fasterxml\jackson\core\jackson-databind\2.15.2\jackson-databind-2.15.2.jar;C:\Users\admin\.m2\repository\org\java-websocket\Java-WebSocket\1.5.3\Java-WebSocket-1.5.3.jar;C:\Users\admin\.m2\repository\org\openjfx\javafx-base\17.0.6\javafx-base-17.0.6-win.jar;C:\Users\admin\.m2\repository\org\openjfx\javafx-controls\17.0.6\javafx-controls-17.0.6-win.jar;C:\Users\admin\.m2\repository\org\openjfx\javafx-fxml\17.0.6\javafx-fxml-17.0.6-win.jar;C:\Users\admin\.m2\repository\org\openjfx\javafx-graphics\17.0.6\javafx-graphics-17.0.6-win.jar;C:\Users\admin\.m2\repository\org\openjfx\javafx-media\17.0.6\javafx-media-17.0.6-win.jar;C:\Users\admin\.m2\repository\org\slf4j\slf4j-api\2.0.9\slf4j-api-2.0.9.jar --add-modules=chat.client.fx -Djdk.module.main=chat.client.fx 
java_command: chat.client.fx/chat.client.fx.ChatClientFX
java_class_path (initial): C:\Users\admin\.m2\repository\ch\qos\logback\logback-classic\1.4.11\logback-classic-1.4.11.jar;C:\Users\admin\.m2\repository\ch\qos\logback\logback-core\1.5.20\logback-core-1.5.20.jar;C:\Users\admin\.m2\repository\org\openjfx\javafx-base\17.0.6\javafx-base-17.0.6.jar;C:\Users\admin\.m2\repository\org\openjfx\javafx-controls\17.0.6\javafx-controls-17.0.6.jar;C:\Users\admin\.m2\repository\org\openjfx\javafx-fxml\17.0.6\javafx-fxml-17.0.6.jar;C:\Users\admin\.m2\repository\org\openjfx\javafx-graphics\17.0.6\javafx-graphics-17.0.6.jar;C:\Users\admin\.m2\repository\org\openjfx\javafx-media\17.0.6\javafx-media-17.0.6.jar
Launcher Type: SUN_STANDARD

[Global flags]
     intx CICompilerCount                          = 3                                         {product} {ergonomic}
     uint ConcGCThreads                            = 1                                         {product} {ergonomic}
     uint G1ConcRefinementThreads                  = 4                                         {product} {ergonomic}
   size_t G1HeapRegionSize                         = 1048576                                   {product} {ergonomic}
    uintx GCDrainStackTargetSize                   = 64                                        {product} {ergonomic}
   size_t InitialHeapSize                          = 132120576                                 {product} {ergonomic}
   size_t MarkStackSize                            = 4194304                                   {product} {ergonomic}
   size_t MaxHeapSize                              = 2092957696                                {product} {ergonomic}
   size_t MaxNewSize                               = 1255145472                                {product} {ergonomic}
   size_t MinHeapDeltaBytes                        = 1048576                                   {product} {ergonomic}
   size_t MinHeapSize                              = 8388608                                   {product} {ergonomic}
    uintx NonNMethodCodeHeapSize                   = 5832780                                {pd product} {ergonomic}
    uintx NonProfiledCodeHeapSize                  = 122912730                              {pd product} {ergonomic}
    uintx ProfiledCodeHeapSize                     = 122912730                              {pd product} {ergonomic}
    uintx ReservedCodeCacheSize                    = 251658240                              {pd product} {ergonomic}
     bool SegmentedCodeCache                       = true                                      {product} {ergonomic}
   size_t SoftMaxHeapSize                          = 2092957696                             {manageable} {ergonomic}
     bool UseCompressedOops                        = true                           {product lp64_product} {ergonomic}
     bool UseG1GC                                  = true                                      {product} {ergonomic}
     bool UseLargePagesIndividualAllocation        = false                                  {pd product} {ergonomic}

Logging:
Log output configuration:
 #0: stdout all=warning uptime,level,tags foldmultilines=false
 #1: stderr all=off uptime,level,tags foldmultilines=false

Environment Variables:
JAVA_HOME=C:\Program Files\Java\jdk-21
PATH=c:\Users\admin\AppData\Roaming\Code\User\globalStorage\github.copilot-chat\debugCommand;c:\Users\admin\AppData\Roaming\Code\User\globalStorage\github.copilot-chat\copilotCli;C:\Program Files\Java\jdk-21\bin;C:\WINDOWS\system32;C:\WINDOWS;C:\WINDOWS\System32\Wbem;C:\WINDOWS\System32\WindowsPowerShell\v1.0\;C:\WINDOWS\System32\OpenSSH\;C:\Program Files (x86)\Microsoft SQL Server\160\DTS\Binn\;C:\Program Files\Azure Data Studio\bin;C:\msys64\ucrt64\bin;C:\Program Files (x86)\Microsoft SQL Server\160\Tools\Binn\;C:\Program Files\Microsoft SQL Server\160\Tools\Binn\;C:\Program Files\Microsoft SQL Server\Client SDK\ODBC\170\Tools\Binn\;C:\Program Files\Microsoft SQL Server\160\DTS\Binn\;C:\Program Files\Microsoft SQL Server\150\Tools\Binn\;C:\Program Files\dotnet\;C:\Program Files (x86)\Windows Kits\10\Windows Performance Toolkit\;C:\Program Files\nodejs\;C:\Program Files\Git\cmd;E:\LapTrinhMang\apache-maven-3.9.11\bin;C:\Users\admin\AppData\Local\Programs\Python\Python313\Scripts\;C:\Users\admin\AppData\Local\Programs\Python\Python313\;C:\Users\admin\AppData\Local\Microsoft\WindowsApps;C:\Program Files\Azure Data Studio\bin;E:\mingw64\bin;E:\pychamr\PyCharm 2024.2.2\bin;;C:\Program Files\JetBrains\PyCharm Community Edition 2024.2.3\bin;;C:\Users\admin\.dotnet\tools;E:\Microsoft VS Code\bin;C:\Users\admin\AppData\Roaming\npm;c:\Users\admin\.vscode\extensions\vscjava.vscode-java-debug-0.58.4\bundled\scripts\noConfigScripts
USERNAME=admin
LANG=en_US.UTF-8
OS=Windows_NT
PROCESSOR_IDENTIFIER=Intel64 Family 6 Model 126 Stepping 5, GenuineIntel
TMP=C:\Users\admin\AppData\Local\Temp
TEMP=C:\Users\admin\AppData\Local\Temp




Periodic native trim disabled

---------------  S Y S T E M  ---------------

OS:
 Windows 11 , 64 bit Build 26100 (10.0.26100.7019)
OS uptime: 9 days 5:52 hours

CPU: total 4 (initial active 4) (2 cores per cpu, 2 threads per core) family 6 model 126 stepping 5 microcode 0xa6, cx8, cmov, fxsr, ht, mmx, 3dnowpref, sse, sse2, sse3, ssse3, sse4.1, sse4.2, popcnt, lzcnt, tsc, tscinvbit, avx, avx2, aes, erms, clmul, bmi1, bmi2, adx, avx512f, avx512dq, avx512cd, avx512bw, avx512vl, sha, fma, vzeroupper, avx512_vpopcntdq, avx512_vpclmulqdq, avx512_vaes, avx512_vnni, clflush, clflushopt, avx512_vbmi2, avx512_vbmi, rdtscp, rdpid, fsrm, gfni, avx512_bitalg, f16c, pku, avx512_ifma
Processor Information for all 4 processors :
  Max Mhz: 1190, Current Mhz: 1190, Mhz Limit: 1190

Memory: 4k page, system-wide physical 7981M (757M free)
TotalPageFile size 32557M (AvailPageFile size 209M)
current process WorkingSet (physical memory assigned to process): 54M, peak: 368M
current process commit charge ("private bytes"): 287M, peak: 387M

vm_info: Java HotSpot(TM) 64-Bit Server VM (21.0.8+12-LTS-250) for windows-amd64 JRE (21.0.8+12-LTS-250), built on 2025-06-27T08:11:22Z by "mach5one" with MS VC++ 17.6 (VS2022)

END.
